{"type": "FeatureCollection", "features": [{"type": "Feature", "geometry": {"type": "Point", "coordinates": [76.9715667, 11.0310675]}, "properties": {"id": "w1252504250", "kind": "building", "street": "8th Street, Ganapathy", "use": "residential", "floors": 2, "match_status": "matched", "severity": "none", "review": false, "name": null}}, {"type": "Feature", "geometry": {"type": "Point", "coordinates": [76.9721804, 11.0311034]}, "properties": {"id": "w1252505151", "kind": "building", "street": "8th Street, Ganapathy", "use": null, "floors": null, "match_status": "matched", "severity": "none", "review": false, "name": null}}, {"type": "Feature", "geometry": {"type": "Point", "coordinates": [76.9726517, 11.030964]}, "properties": {"id": "w1252505716", "kind": "building", "street": "8th Street, Ganapathy", "use": null, "floors": null, "match_status": "matched", "severity": "none", "review": false, "name": null}}, {"type": "Feature", "geometry": {"type": "Point", "coordinates": [76.9740568, 11.031586]}, "properties": {"id": "w1252504945", "kind": "building", "street": "8th Street, Ganapathy", "use": "commercial", "floors": null, "match_status": "discrepancy", "severity": "medium", "review": true, "name": "savitha dry cleaner"}}, {"type": "Feature", "geometry": {"type": "Point", "coordinates": [76.9713115, 11.0309671]}, "properties": {"id": "w1252504311", "kind": "building", "street": "8th Street, Ganapathy", "use": null, "floors": null, "match_status": "discrepancy", "severity": "medium", "review": true, "name": null}}, {"type": "Feature", "geometry": {"type": "Point", "coordinates": [76.973778, 11.031539]}, "properties": {"id": "w1252506163", "kind": "building", "street": "8th Street, Ganapathy", "use": "residential", "floors": 2, "match_status": "matched", "severity": "none", "review": false, "name": null}}, {"type": "Feature", "geometry": {"type": "Point", "coordinates": [76.9735337, 11.0312504]}, "properties": {"id": "w1252505772", "kind": "building", "street": "8th Street, Ganapathy", "use": "residential", "floors": 2, "match_status": "matched", "severity": "none", "review": false, "name": null}}, {"type": "Feature", "geometry": {"type": "Point", "coordinates": [76.9750232, 11.0317017]}, "properties": {"id": "w1252505500", "kind": "building", "street": "8th Street, Ganapathy", "use": "commercial", "floors": null, "match_status": "matched", "severity": "none", "review": false, "name": "GENMED PHARMA"}}, {"type": "Feature", "geometry": {"type": "Point", "coordinates": [76.9731416, 11.0314062]}, "properties": {"id": "w1251626159", "kind": "building", "street": "8th Street, Ganapathy", "use": "commercial", "floors": 2, "match_status": "matched", "severity": "none", "review": false, "name": "chitra tex"}}, {"type": "Feature", "geometry": {"type": "Point", "coordinates": [76.9719961, 11.0310781]}, "properties": {"id": "w1252505798", "kind": "building", "street": "8th Street, Ganapathy", "use": null, "floors": null, "match_status": "discrepancy", "severity": "medium", "review": false, "name": null}}, {"type": "Feature", "geometry": {"type": "Point", "coordinates": [76.9718145, 11.0310202]}, "properties": {"id": "w1252505260", "kind": "building", "street": "8th Street, Ganapathy", "use": "residential", "floors": 2, "match_status": "matched", "severity": "none", "review": false, "name": null}}, {"type": "Feature", "geometry": {"type": "Point", "coordinates": [76.9743933, 11.0314117]}, "properties": {"id": "w1252504646", "kind": "building", "street": "8th Street, Ganapathy", "use": null, "floors": null, "match_status": "matched", "severity": "none", "review": false, "name": null}}, {"type": "Feature", "geometry": {"type": "Point", "coordinates": [76.9716815, 11.0307363]}, "properties": {"id": "w1252504494", "kind": "building", "street": "8th Street, Ganapathy", "use": "residential", "floors": 2, "match_status": "matched", "severity": "none", "review": false, "name": null}}, {"type": "Feature", "geometry": {"type": "Point", "coordinates": [76.9751536, 11.0315244]}, "properties": {"id": "w1252504807", "kind": "building", "street": "8th Street, Ganapathy", "use": "industrial", "floors": 1, "match_status": "matched", "severity": "none", "review": false, "name": "sree am trade"}}, {"type": "Feature", "geometry": {"type": "Point", "coordinates": [76.9741018, 11.0317933]}, "properties": {"id": "w1252505900", "kind": "building", "street": "8th Street, Ganapathy", "use": null, "floors": null, "match_status": "discrepancy", "severity": "medium", "review": true, "name": null}}, {"type": "Feature", "geometry": {"type": "Point", "coordinates": [76.9744292, 11.0318414]}, "properties": {"id": "w1252505991", "kind": "building", "street": "8th Street, Ganapathy", "use": null, "floors": null, "match_status": "matched", "severity": "none", "review": false, "name": null}}, {"type": "Feature", "geometry": {"type": "Point", "coordinates": [76.9742962, 11.0313727]}, "properties": {"id": "w1252505270", "kind": "building", "street": "8th Street, Ganapathy", "use": null, "floors": null, "match_status": "matched", "severity": "none", "review": false, "name": null}}, {"type": "Feature", "geometry": {"type": "Point", "coordinates": [76.9732893, 11.0311766]}, "properties": {"id": "w1252504337", "kind": "building", "street": "8th Street, Ganapathy", "use": "residential", "floors": 2, "match_status": "matched", "severity": "none", "review": false, "name": null}}, {"type": "Feature", "geometry": {"type": "Point", "coordinates": [76.9720781, 11.0308579]}, "properties": {"id": "w1252504368", "kind": "building", "street": "8th Street, Ganapathy", "use": null, "floors": null, "match_status": "matched", "severity": "none", "review": false, "name": null}}, {"type": "Feature", "geometry": {"type": "Point", "coordinates": [76.9718703, 11.0307842]}, "properties": {"id": "w1252504688", "kind": "building", "street": "8th Street, Ganapathy", "use": "residential", "floors": 2, "match_status": "matched", "severity": "none", "review": false, "name": null}}, {"type": "Feature", "geometry": {"type": "Point", "coordinates": [76.9729288, 11.0313233]}, "properties": {"id": "w1252504840", "kind": "building", "street": "8th Street, Ganapathy", "use": null, "floors": null, "match_status": "discrepancy", "severity": "medium", "review": false, "name": null}}, {"type": "Feature", "geometry": {"type": "Point", "coordinates": [76.9743414, 11.0311629]}, "properties": {"id": "w1252506049", "kind": "building", "street": "8th Street, Ganapathy", "use": null, "floors": null, "match_status": "matched", "severity": "none", "review": false, "name": null}}, {"type": "Feature", "geometry": {"type": "Point", "coordinates": [76.9734099, 11.0312629]}, "properties": {"id": "w1252505157", "kind": "building", "street": "8th Street, Ganapathy", "use": "residential", "floors": 2, "match_status": "matched", "severity": "none", "review": false, "name": null}}, {"type": "Feature", "geometry": {"type": "Point", "coordinates": [76.9743223, 11.0318602]}, "properties": {"id": "w1252504259", "kind": "building", "street": "8th Street, Ganapathy", "use": null, "floors": null, "match_status": "matched", "severity": "none", "review": false, "name": null}}, {"type": "Feature", "geometry": {"type": "Point", "coordinates": [76.9740533, 11.0313839]}, "properties": {"id": "w1252504921", "kind": "building", "street": "8th Street, Ganapathy", "use": null, "floors": null, "match_status": "matched", "severity": "none", "review": false, "name": null}}, {"type": "Feature", "geometry": {"type": "Point", "coordinates": [76.9725898, 11.0311923]}, "properties": {"id": "w1252504023", "kind": "building", "street": "8th Street, Ganapathy", "use": null, "floors": null, "match_status": "matched", "severity": "none", "review": false, "name": null}}, {"type": "Feature", "geometry": {"type": "Point", "coordinates": [76.9729857, 11.0311137]}, "properties": {"id": "w1252504048", "kind": "building", "street": "8th Street, Ganapathy", "use": "commercial", "floors": null, "match_status": "matched", "severity": "none", "review": false, "name": "Arjun Icecreams"}}, {"type": "Feature", "geometry": {"type": "Point", "coordinates": [76.9731462, 11.0311928]}, "properties": {"id": "w1252504781", "kind": "building", "street": "8th Street, Ganapathy", "use": "commercial", "floors": 1, "match_status": "matched", "severity": "none", "review": false, "name": null}}, {"type": "Feature", "geometry": {"type": "Point", "coordinates": [76.9716938, 11.0313813]}, "properties": {"id": "w1252504169", "kind": "building", "street": "8th Street, Ganapathy", "use": "commercial", "floors": 1, "match_status": "matched", "severity": "none", "review": false, "name": null}}, {"type": "Feature", "geometry": {"type": "Point", "coordinates": [76.9733368, 11.0312478]}, "properties": {"id": "w1252505154", "kind": "building", "street": "8th Street, Ganapathy", "use": "residential", "floors": 2, "match_status": "matched", "severity": "none", "review": false, "name": null}}, {"type": "Feature", "geometry": {"type": "Point", "coordinates": [76.972318, 11.0312701]}, "properties": {"id": "w1252504435", "kind": "building", "street": "8th Street, Ganapathy", "use": null, "floors": null, "match_status": "matched", "severity": "none", "review": false, "name": null}}, {"type": "Feature", "geometry": {"type": "Point", "coordinates": [76.9730632, 11.0311589]}, "properties": {"id": "w1252504638", "kind": "building", "street": "8th Street, Ganapathy", "use": "residential", "floors": 1, "match_status": "matched", "severity": "none", "review": false, "name": null}}, {"type": "Feature", "geometry": {"type": "Point", "coordinates": [76.9719842, 11.0308104]}, "properties": {"id": "w1252506247", "kind": "building", "street": "8th Street, Ganapathy", "use": null, "floors": null, "match_status": "matched", "severity": "none", "review": false, "name": null}}, {"type": "Feature", "geometry": {"type": "Point", "coordinates": [76.9739667, 11.031373]}, "properties": {"id": "w1252504905", "kind": "building", "street": "8th Street, Ganapathy", "use": null, "floors": null, "match_status": "matched", "severity": "none", "review": false, "name": "arshvi"}}, {"type": "Feature", "geometry": {"type": "Point", "coordinates": [76.9752339, 11.031432]}, "properties": {"id": "w1252504670", "kind": "building", "street": "8th Street, Ganapathy", "use": null, "floors": null, "match_status": "no_record", "severity": "high", "review": true, "name": null}}, {"type": "Feature", "geometry": {"type": "Point", "coordinates": [76.9738971, 11.0313808]}, "properties": {"id": "w1252504793", "kind": "building", "street": "8th Street, Ganapathy", "use": "commercial", "floors": null, "match_status": "matched", "severity": "none", "review": false, "name": "fine engineering"}}, {"type": "Feature", "geometry": {"type": "Point", "coordinates": [76.9738836, 11.0299846]}, "properties": {"id": "w1252505615", "kind": "building", "street": "4th Street, Tatabad / Vinobaji Street", "use": null, "floors": null, "match_status": "discrepancy", "severity": "medium", "review": true, "name": null}}, {"type": "Feature", "geometry": {"type": "Point", "coordinates": [76.9722466, 11.0294009]}, "properties": {"id": "w1252506259", "kind": "building", "street": "4th Street, Tatabad / Vinobaji Street", "use": "industrial", "floors": 1, "match_status": "matched", "severity": "none", "review": false, "name": null}}, {"type": "Feature", "geometry": {"type": "Point", "coordinates": [76.9731009, 11.0301359]}, "properties": {"id": "w1252504232", "kind": "building", "street": "4th Street, Tatabad / Vinobaji Street", "use": null, "floors": null, "match_status": "matched", "severity": "none", "review": false, "name": null}}, {"type": "Feature", "geometry": {"type": "Point", "coordinates": [76.9733565, 11.0299031]}, "properties": {"id": "w1252505636", "kind": "building", "street": "4th Street, Tatabad / Vinobaji Street", "use": null, "floors": null, "match_status": "discrepancy", "severity": "medium", "review": false, "name": "vishwa"}}, {"type": "Feature", "geometry": {"type": "Point", "coordinates": [76.9735809, 11.0299351]}, "properties": {"id": "w1252505097", "kind": "building", "street": "4th Street, Tatabad / Vinobaji Street", "use": null, "floors": null, "match_status": "no_record", "severity": "high", "review": true, "name": null}}, {"type": "Feature", "geometry": {"type": "Point", "coordinates": [76.9733507, 11.029623]}, "properties": {"id": "w1252504450", "kind": "building", "street": "4th Street, Tatabad / Vinobaji Street", "use": null, "floors": null, "match_status": "matched", "severity": "none", "review": false, "name": null}}, {"type": "Feature", "geometry": {"type": "Point", "coordinates": [76.9724599, 11.0293895]}, "properties": {"id": "w1252504999", "kind": "building", "street": "4th Street, Tatabad / Vinobaji Street", "use": null, "floors": null, "match_status": "matched", "severity": "none", "review": false, "name": null}}, {"type": "Feature", "geometry": {"type": "Point", "coordinates": [76.9752151, 11.0300298]}, "properties": {"id": "w1252503777", "kind": "building", "street": "4th Street, Tatabad / Vinobaji Street", "use": "commercial", "floors": 2, "match_status": "matched", "severity": "none", "review": false, "name": "the coffee & drinks"}}, {"type": "Feature", "geometry": {"type": "Point", "coordinates": [76.9719354, 11.0296188]}, "properties": {"id": "w1252505460", "kind": "building", "street": "4th Street, Tatabad / Vinobaji Street", "use": "residential", "floors": 2, "match_status": "discrepancy", "severity": "medium", "review": true, "name": null}}, {"type": "Feature", "geometry": {"type": "Point", "coordinates": [76.972753, 11.0296072]}, "properties": {"id": "w1252504863", "kind": "building", "street": "4th Street, Tatabad / Vinobaji Street", "use": null, "floors": null, "match_status": "discrepancy", "severity": "medium", "review": false, "name": null}}, {"type": "Feature", "geometry": {"type": "Point", "coordinates": [76.973271, 11.029584]}, "properties": {"id": "w1252504926", "kind": "building", "street": "4th Street, Tatabad / Vinobaji Street", "use": "residential", "floors": 2, "match_status": "matched", "severity": "none", "review": false, "name": null}}, {"type": "Feature", "geometry": {"type": "Point", "coordinates": [76.9729552, 11.029638]}, "properties": {"id": "w1252504518", "kind": "building", "street": "4th Street, Tatabad / Vinobaji Street", "use": null, "floors": null, "match_status": "matched", "severity": "none", "review": false, "name": null}}, {"type": "Feature", "geometry": {"type": "Point", "coordinates": [76.973546, 11.0297232]}, "properties": {"id": "w1252505357", "kind": "building", "street": "4th Street, Tatabad / Vinobaji Street", "use": null, "floors": null, "match_status": "matched", "severity": "none", "review": false, "name": null}}, {"type": "Feature", "geometry": {"type": "Point", "coordinates": [76.972636, 11.0299721]}, "properties": {"id": "w1252505887", "kind": "building", "street": "4th Street, Tatabad / Vinobaji Street", "use": null, "floors": null, "match_status": "matched", "severity": "none", "review": false, "name": null}}, {"type": "Feature", "geometry": {"type": "Point", "coordinates": [76.9750503, 11.029712]}, "properties": {"id": "w1252504103", "kind": "building", "street": "4th Street, Tatabad / Vinobaji Street", "use": "commercial", "floors": 2, "match_status": "discrepancy", "severity": "medium", "review": true, "name": "Prevent"}}, {"type": "Feature", "geometry": {"type": "Point", "coordinates": [76.9732008, 11.029687]}, "properties": {"id": "w1252506220", "kind": "building", "street": "4th Street, Tatabad / Vinobaji Street", "use": null, "floors": null, "match_status": "no_record", "severity": "high", "review": true, "name": null}}, {"type": "Feature", "geometry": {"type": "Point", "coordinates": [76.9730814, 11.029663]}, "properties": {"id": "w1252504500", "kind": "building", "street": "4th Street, Tatabad / Vinobaji Street", "use": null, "floors": null, "match_status": "matched", "severity": "none", "review": false, "name": null}}, {"type": "Feature", "geometry": {"type": "Point", "coordinates": [76.9726271, 11.0295086]}, "properties": {"id": "w1252505777", "kind": "building", "street": "4th Street, Tatabad / Vinobaji Street", "use": null, "floors": null, "match_status": "matched", "severity": "none", "review": false, "name": null}}, {"type": "Feature", "geometry": {"type": "Point", "coordinates": [76.9731663, 11.029846]}, "properties": {"id": "w1252504908", "kind": "building", "street": "4th Street, Tatabad / Vinobaji Street", "use": null, "floors": null, "match_status": "matched", "severity": "none", "review": false, "name": null}}, {"type": "Feature", "geometry": {"type": "Point", "coordinates": [76.9750583, 11.0298519]}, "properties": {"id": "w1252503776", "kind": "building", "street": "4th Street, Tatabad / Vinobaji Street", "use": "commercial", "floors": null, "match_status": "matched", "severity": "none", "review": false, "name": "chocchip"}}, {"type": "Feature", "geometry": {"type": "Point", "coordinates": [76.9729421, 11.0298123]}, "properties": {"id": "w1252505281", "kind": "building", "street": "4th Street, Tatabad / Vinobaji Street", "use": "residential", "floors": 1, "match_status": "matched", "severity": "none", "review": false, "name": null}}, {"type": "Feature", "geometry": {"type": "Point", "coordinates": [76.9724367, 11.0300331]}, "properties": {"id": "w1252505014", "kind": "building", "street": "4th Street, Tatabad / Vinobaji Street", "use": null, "floors": null, "match_status": "matched", "severity": "none", "review": false, "name": null}}, {"type": "Feature", "geometry": {"type": "Point", "coordinates": [76.9734143, 11.0297675]}, "properties": {"id": "w1252505875", "kind": "building", "street": "4th Street, Tatabad / Vinobaji Street", "use": "commercial", "floors": null, "match_status": "matched", "severity": "none", "review": false, "name": "coolgoldtoon"}}, {"type": "Feature", "geometry": {"type": "Point", "coordinates": [76.9736891, 11.0297869]}, "properties": {"id": "w1252503734", "kind": "building", "street": "4th Street, Tatabad / Vinobaji Street", "use": null, "floors": null, "match_status": "matched", "severity": "none", "review": false, "name": null}}, {"type": "Feature", "geometry": {"type": "Point", "coordinates": [76.9725239, 11.0295313]}, "properties": {"id": "w1252503771", "kind": "building", "street": "4th Street, Tatabad / Vinobaji Street", "use": "residential", "floors": 2, "match_status": "matched", "severity": "none", "review": false, "name": null}}, {"type": "Feature", "geometry": {"type": "Point", "coordinates": [76.9726745, 11.0297321]}, "properties": {"id": "w1252506198", "kind": "building", "street": "4th Street, Tatabad / Vinobaji Street", "use": "residential", "floors": 2, "match_status": "matched", "severity": "none", "review": false, "name": null}}, {"type": "Feature", "geometry": {"type": "Point", "coordinates": [76.9729927, 11.0299497]}, "properties": {"id": "w1252505279", "kind": "building", "street": "4th Street, Tatabad / Vinobaji Street", "use": null, "floors": null, "match_status": "matched", "severity": "none", "review": false, "name": null}}, {"type": "Feature", "geometry": {"type": "Point", "coordinates": [76.9736164, 11.0297817]}, "properties": {"id": "w1252503732", "kind": "building", "street": "4th Street, Tatabad / Vinobaji Street", "use": null, "floors": null, "match_status": "matched", "severity": "none", "review": false, "name": null}}, {"type": "Feature", "geometry": {"type": "Point", "coordinates": [76.9737731, 11.0297845]}, "properties": {"id": "w1252503733", "kind": "building", "street": "4th Street, Tatabad / Vinobaji Street", "use": null, "floors": null, "match_status": "matched", "severity": "none", "review": false, "name": null}}, {"type": "Feature", "geometry": {"type": "Point", "coordinates": [76.9737031, 11.0299226]}, "properties": {"id": "w1252505443", "kind": "building", "street": "4th Street, Tatabad / Vinobaji Street", "use": null, "floors": null, "match_status": "matched", "severity": "none", "review": false, "name": null}}, {"type": "Feature", "geometry": {"type": "Point", "coordinates": [76.9737334, 11.0299376]}, "properties": {"id": "w1252504576", "kind": "building", "street": "4th Street, Tatabad / Vinobaji Street", "use": null, "floors": null, "match_status": "matched", "severity": "none", "review": false, "name": null}}, {"type": "Feature", "geometry": {"type": "Point", "coordinates": [76.9827855, 11.0363829]}, "properties": {"id": "w1236978760", "kind": "building", "street": "2nd Street, Gandhi Nagar", "use": "residential", "floors": 2, "match_status": "matched", "severity": "none", "review": false, "name": null}}, {"type": "Feature", "geometry": {"type": "Point", "coordinates": [76.9812562, 11.0360117]}, "properties": {"id": "w1236977910", "kind": "building", "street": "2nd Street, Gandhi Nagar", "use": "residential", "floors": 2, "match_status": "matched", "severity": "none", "review": false, "name": "Kanna Cater"}}, {"type": "Feature", "geometry": {"type": "Point", "coordinates": [76.9836751, 11.0360445]}, "properties": {"id": "w1236977886", "kind": "building", "street": "2nd Street, Gandhi Nagar", "use": null, "floors": null, "match_status": "no_record", "severity": "high", "review": true, "name": null}}, {"type": "Feature", "geometry": {"type": "Point", "coordinates": [76.9834403, 11.0364143]}, "properties": {"id": "w1236977934", "kind": "building", "street": "2nd Street, Gandhi Nagar", "use": "commercial", "floors": 2, "match_status": "matched", "severity": "none", "review": false, "name": null}}, {"type": "Feature", "geometry": {"type": "Point", "coordinates": [76.982426, 11.0362676]}, "properties": {"id": "w1236978609", "kind": "building", "street": "2nd Street, Gandhi Nagar", "use": "commercial", "floors": 1, "match_status": "no_record", "severity": "high", "review": true, "name": null}}, {"type": "Feature", "geometry": {"type": "Point", "coordinates": [76.9814939, 11.0360918]}, "properties": {"id": "w1236978459", "kind": "building", "street": "2nd Street, Gandhi Nagar", "use": "residential", "floors": 2, "match_status": "matched", "severity": "none", "review": false, "name": null}}, {"type": "Feature", "geometry": {"type": "Point", "coordinates": [76.9839706, 11.0361456]}, "properties": {"id": "w1236977995", "kind": "building", "street": "2nd Street, Gandhi Nagar", "use": "residential", "floors": 2, "match_status": "matched", "severity": "none", "review": false, "name": null}}, {"type": "Feature", "geometry": {"type": "Point", "coordinates": [76.9837747, 11.0358327]}, "properties": {"id": "w1236978097", "kind": "building", "street": "2nd Street, Gandhi Nagar", "use": "residential", "floors": 2, "match_status": "discrepancy", "severity": "medium", "review": true, "name": null}}, {"type": "Feature", "geometry": {"type": "Point", "coordinates": [76.9798979, 11.0354017]}, "properties": {"id": "w1236978311", "kind": "building", "street": "2nd Street, Gandhi Nagar", "use": null, "floors": null, "match_status": "discrepancy", "severity": "medium", "review": true, "name": null}}, {"type": "Feature", "geometry": {"type": "Point", "coordinates": [76.9839613, 11.0364012]}, "properties": {"id": "w1236978282", "kind": "building", "street": "2nd Street, Gandhi Nagar", "use": null, "floors": null, "match_status": "matched", "severity": "none", "review": false, "name": null}}, {"type": "Feature", "geometry": {"type": "Point", "coordinates": [76.9838348, 11.035471]}, "properties": {"id": "w1236977963", "kind": "building", "street": "2nd Street, Gandhi Nagar", "use": null, "floors": null, "match_status": "matched", "severity": "none", "review": false, "name": null}}, {"type": "Feature", "geometry": {"type": "Point", "coordinates": [76.9833016, 11.0363322]}, "properties": {"id": "w1236978847", "kind": "building", "street": "2nd Street, Gandhi Nagar", "use": "residential", "floors": 2, "match_status": "matched", "severity": "none", "review": true, "name": "car care"}}, {"type": "Feature", "geometry": {"type": "Point", "coordinates": [76.9811098, 11.0356745]}, "properties": {"id": "w1236977972", "kind": "building", "street": "2nd Street, Gandhi Nagar", "use": "residential", "floors": 2, "match_status": "matched", "severity": "none", "review": false, "name": null}}, {"type": "Feature", "geometry": {"type": "Point", "coordinates": [76.9838553, 11.0353155]}, "properties": {"id": "w1236978717", "kind": "building", "street": "2nd Street, Gandhi Nagar", "use": "residential", "floors": 2, "match_status": "matched", "severity": "none", "review": false, "name": null}}, {"type": "Feature", "geometry": {"type": "Point", "coordinates": [76.9800868, 11.0357282]}, "properties": {"id": "w1236978059", "kind": "building", "street": "2nd Street, Gandhi Nagar", "use": "residential", "floors": 2, "match_status": "discrepancy", "severity": "medium", "review": true, "name": null}}, {"type": "Feature", "geometry": {"type": "Point", "coordinates": [76.9815645, 11.0357445]}, "properties": {"id": "w1236978592", "kind": "building", "street": "2nd Street, Gandhi Nagar", "use": "residential", "floors": 2, "match_status": "discrepancy", "severity": "medium", "review": true, "name": null}}, {"type": "Feature", "geometry": {"type": "Point", "coordinates": [76.9837676, 11.03618]}, "properties": {"id": "w1236977931", "kind": "building", "street": "2nd Street, Gandhi Nagar", "use": null, "floors": null, "match_status": "matched", "severity": "none", "review": false, "name": null}}, {"type": "Feature", "geometry": {"type": "Point", "coordinates": [76.9803231, 11.03578]}, "properties": {"id": "w1236978121", "kind": "building", "street": "2nd Street, Gandhi Nagar", "use": null, "floors": null, "match_status": "discrepancy", "severity": "medium", "review": false, "name": null}}, {"type": "Feature", "geometry": {"type": "Point", "coordinates": [76.9831165, 11.0360338]}, "properties": {"id": "w1236977891", "kind": "building", "street": "2nd Street, Gandhi Nagar", "use": "residential", "floors": 2, "match_status": "matched", "severity": "none", "review": false, "name": null}}, {"type": "Feature", "geometry": {"type": "Point", "coordinates": [76.9838254, 11.0356639]}, "properties": {"id": "w1236978561", "kind": "building", "street": "2nd Street, Gandhi Nagar", "use": null, "floors": null, "match_status": "matched", "severity": "none", "review": false, "name": null}}, {"type": "Feature", "geometry": {"type": "Point", "coordinates": [76.9813383, 11.0357329]}, "properties": {"id": "w1236978464", "kind": "building", "street": "2nd Street, Gandhi Nagar", "use": "residential", "floors": 2, "match_status": "matched", "severity": "none", "review": false, "name": "WOSTEICS"}}, {"type": "Feature", "geometry": {"type": "Point", "coordinates": [76.980388, 11.0355227]}, "properties": {"id": "w1236978077", "kind": "building", "street": "2nd Street, Gandhi Nagar", "use": "commercial", "floors": 2, "match_status": "matched", "severity": "none", "review": false, "name": null}}, {"type": "Feature", "geometry": {"type": "Point", "coordinates": [76.9807195, 11.0355476]}, "properties": {"id": "w1236977954", "kind": "building", "street": "2nd Street, Gandhi Nagar", "use": "residential", "floors": 2, "match_status": "matched", "severity": "none", "review": false, "name": "avan bikes"}}, {"type": "Feature", "geometry": {"type": "Point", "coordinates": [76.9820662, 11.0358463]}, "properties": {"id": "w1236978713", "kind": "building", "street": "2nd Street, Gandhi Nagar", "use": "residential", "floors": 2, "match_status": "discrepancy", "severity": "medium", "review": true, "name": null}}, {"type": "Feature", "geometry": {"type": "Point", "coordinates": [76.984084, 11.0354242]}, "properties": {"id": "w1236978654", "kind": "building", "street": "2nd Street, Gandhi Nagar", "use": null, "floors": null, "match_status": "matched", "severity": "none", "review": false, "name": null}}, {"type": "Feature", "geometry": {"type": "Point", "coordinates": [76.9821791, 11.036134]}, "properties": {"id": "w1236977925", "kind": "building", "street": "2nd Street, Gandhi Nagar", "use": "residential", "floors": 3, "match_status": "discrepancy", "severity": "medium", "review": true, "name": null}}, {"type": "Feature", "geometry": {"type": "Point", "coordinates": [76.9804425, 11.0358018]}, "properties": {"id": "w1236977997", "kind": "building", "street": "2nd Street, Gandhi Nagar", "use": "residential", "floors": 2, "match_status": "matched", "severity": "none", "review": false, "name": null}}, {"type": "Feature", "geometry": {"type": "Point", "coordinates": [76.9802603, 11.035485]}, "properties": {"id": "w1236978849", "kind": "building", "street": "2nd Street, Gandhi Nagar", "use": "commercial", "floors": null, "match_status": "matched", "severity": "none", "review": false, "name": "arnataka"}}, {"type": "Feature", "geometry": {"type": "Point", "coordinates": [76.9808396, 11.0360455]}, "properties": {"id": "w1236978055", "kind": "building", "street": "2nd Street, Gandhi Nagar", "use": null, "floors": null, "match_status": "matched", "severity": "none", "review": false, "name": null}}, {"type": "Feature", "geometry": {"type": "Point", "coordinates": [76.9816396, 11.0360377]}, "properties": {"id": "w1236978445", "kind": "building", "street": "2nd Street, Gandhi Nagar", "use": "residential", "floors": 2, "match_status": "matched", "severity": "none", "review": false, "name": null}}, {"type": "Feature", "geometry": {"type": "Point", "coordinates": [76.9822625, 11.0358857]}, "properties": {"id": "w1236978068", "kind": "building", "street": "2nd Street, Gandhi Nagar", "use": "residential", "floors": 2, "match_status": "matched", "severity": "none", "review": false, "name": null}}, {"type": "Feature", "geometry": {"type": "Point", "coordinates": [76.9824824, 11.035922]}, "properties": {"id": "w1236978168", "kind": "building", "street": "2nd Street, Gandhi Nagar", "use": "residential", "floors": 2, "match_status": "matched", "severity": "none", "review": false, "name": null}}, {"type": "Feature", "geometry": {"type": "Point", "coordinates": [76.9801992, 11.0357452]}, "properties": {"id": "w1236978244", "kind": "building", "street": "2nd Street, Gandhi Nagar", "use": "residential", "floors": 2, "match_status": "matched", "severity": "none", "review": false, "name": null}}, {"type": "Feature", "geometry": {"type": "Point", "coordinates": [76.9829514, 11.0363894]}, "properties": {"id": "w1236977888", "kind": "building", "street": "2nd Street, Gandhi Nagar", "use": null, "floors": null, "match_status": "matched", "severity": "none", "review": false, "name": null}}, {"type": "Feature", "geometry": {"type": "Point", "coordinates": [76.981765, 11.0360633]}, "properties": {"id": "w1236978323", "kind": "building", "street": "2nd Street, Gandhi Nagar", "use": "residential", "floors": 2, "match_status": "discrepancy", "severity": "medium", "review": true, "name": "haygriva academy"}}, {"type": "Feature", "geometry": {"type": "Point", "coordinates": [76.9805472, 11.035835]}, "properties": {"id": "w1236978640", "kind": "building", "street": "2nd Street, Gandhi Nagar", "use": "residential", "floors": 2, "match_status": "matched", "severity": "none", "review": false, "name": null}}, {"type": "Feature", "geometry": {"type": "Point", "coordinates": [76.9801505, 11.0354774]}, "properties": {"id": "w1236978566", "kind": "building", "street": "2nd Street, Gandhi Nagar", "use": "residential", "floors": 3, "match_status": "matched", "severity": "none", "review": false, "name": null}}, {"type": "Feature", "geometry": {"type": "Point", "coordinates": [76.9806592, 11.0358566]}, "properties": {"id": "w1236978248", "kind": "building", "street": "2nd Street, Gandhi Nagar", "use": null, "floors": null, "match_status": "matched", "severity": "none", "review": false, "name": null}}, {"type": "Feature", "geometry": {"type": "Point", "coordinates": [76.9818197, 11.0357896]}, "properties": {"id": "w1236978728", "kind": "building", "street": "2nd Street, Gandhi Nagar", "use": "residential", "floors": 2, "match_status": "matched", "severity": "none", "review": false, "name": null}}, {"type": "Feature", "geometry": {"type": "Point", "coordinates": [76.9826872, 11.0359686]}, "properties": {"id": "w1236978537", "kind": "building", "street": "2nd Street, Gandhi Nagar", "use": "residential", "floors": 2, "match_status": "discrepancy", "severity": "medium", "review": true, "name": null}}, {"type": "Feature", "geometry": {"type": "Point", "coordinates": [76.9808875, 11.0355704]}, "properties": {"id": "w1236977949", "kind": "building", "street": "2nd Street, Gandhi Nagar", "use": "commercial", "floors": 1, "match_status": "matched", "severity": "none", "review": false, "name": null}}, {"type": "Feature", "geometry": {"type": "Point", "coordinates": [76.9820152, 11.0361129]}, "properties": {"id": "w1236977959", "kind": "building", "street": "2nd Street, Gandhi Nagar", "use": "residential", "floors": 2, "match_status": "matched", "severity": "none", "review": false, "name": null}}, {"type": "Feature", "geometry": {"type": "Point", "coordinates": [76.9837029, 11.0363606]}, "properties": {"id": "w1236978105", "kind": "building", "street": "2nd Street, Gandhi Nagar", "use": null, "floors": null, "match_status": "matched", "severity": "none", "review": false, "name": null}}, {"type": "Feature", "geometry": {"type": "Point", "coordinates": [76.9840204, 11.0354996]}, "properties": {"id": "w1236978232", "kind": "building", "street": "2nd Street, Gandhi Nagar", "use": null, "floors": null, "match_status": "matched", "severity": "none", "review": false, "name": null}}, {"type": "Feature", "geometry": {"type": "Point", "coordinates": [76.9842484, 11.0351619]}, "properties": {"id": "w1236978780", "kind": "building", "street": "2nd Street, Gandhi Nagar", "use": null, "floors": null, "match_status": "matched", "severity": "none", "review": false, "name": null}}, {"type": "Feature", "geometry": {"type": "Point", "coordinates": [76.9830081, 11.036012]}, "properties": {"id": "w1236978466", "kind": "building", "street": "2nd Street, Gandhi Nagar", "use": null, "floors": null, "match_status": "matched", "severity": "none", "review": false, "name": null}}, {"type": "Feature", "geometry": {"type": "Point", "coordinates": [76.9827884, 11.035976]}, "properties": {"id": "w1236978571", "kind": "building", "street": "2nd Street, Gandhi Nagar", "use": null, "floors": null, "match_status": "matched", "severity": "none", "review": false, "name": null}}, {"type": "Feature", "geometry": {"type": "Point", "coordinates": [76.9818764, 11.0360789]}, "properties": {"id": "w1236978617", "kind": "building", "street": "2nd Street, Gandhi Nagar", "use": "residential", "floors": 2, "match_status": "discrepancy", "severity": "medium", "review": true, "name": "pchall"}}, {"type": "Feature", "geometry": {"type": "Point", "coordinates": [76.9819333, 11.0357977]}, "properties": {"id": "w1236978494", "kind": "building", "street": "2nd Street, Gandhi Nagar", "use": "residential", "floors": 2, "match_status": "matched", "severity": "none", "review": false, "name": null}}, {"type": "Feature", "geometry": {"type": "Point", "coordinates": [76.9823082, 11.0361651]}, "properties": {"id": "w1236978586", "kind": "building", "street": "2nd Street, Gandhi Nagar", "use": "residential", "floors": 2, "match_status": "matched", "severity": "none", "review": false, "name": "okruill Commer ob"}}, {"type": "Feature", "geometry": {"type": "Point", "coordinates": [76.9808707, 11.0358748]}, "properties": {"id": "w1236977942", "kind": "building", "street": "2nd Street, Gandhi Nagar", "use": null, "floors": null, "match_status": "matched", "severity": "none", "review": false, "name": null}}, {"type": "Feature", "geometry": {"type": "Point", "coordinates": [76.9825778, 11.0359324]}, "properties": {"id": "w1236977901", "kind": "building", "street": "2nd Street, Gandhi Nagar", "use": null, "floors": null, "match_status": "matched", "severity": "none", "review": false, "name": null}}, {"type": "Feature", "geometry": {"type": "Point", "coordinates": [76.9828807, 11.0360122]}, "properties": {"id": "w1236978126", "kind": "building", "street": "2nd Street, Gandhi Nagar", "use": "residential", "floors": 2, "match_status": "matched", "severity": "none", "review": false, "name": null}}, {"type": "Feature", "geometry": {"type": "Point", "coordinates": [76.9839971, 11.0356845]}, "properties": {"id": "w1236978825", "kind": "building", "street": "2nd Street, Gandhi Nagar", "use": null, "floors": null, "match_status": "matched", "severity": "none", "review": false, "name": null}}, {"type": "Feature", "geometry": {"type": "Point", "coordinates": [76.9806219, 11.0355175]}, "properties": {"id": "w1236978271", "kind": "building", "street": "2nd Street, Gandhi Nagar", "use": "commercial", "floors": 2, "match_status": "matched", "severity": "none", "review": false, "name": "HAPPY BIKES"}}, {"type": "Feature", "geometry": {"type": "Point", "coordinates": [76.9809585, 11.0359231]}, "properties": {"id": "w1236978036", "kind": "building", "street": "2nd Street, Gandhi Nagar", "use": "commercial", "floors": 1, "match_status": "matched", "severity": "none", "review": false, "name": null}}, {"type": "Feature", "geometry": {"type": "Point", "coordinates": [76.9809902, 11.0357017]}, "properties": {"id": "w1236978455", "kind": "building", "street": "2nd Street, Gandhi Nagar", "use": null, "floors": null, "match_status": "matched", "severity": "none", "review": false, "name": null}}, {"type": "Feature", "geometry": {"type": "Point", "coordinates": [76.983803, 11.0363815]}, "properties": {"id": "w1236978653", "kind": "building", "street": "2nd Street, Gandhi Nagar", "use": "residential", "floors": 1, "match_status": "matched", "severity": "none", "review": false, "name": null}}, {"type": "Feature", "geometry": {"type": "Point", "coordinates": [76.9829357, 11.0360284]}, "properties": {"id": "w1236978285", "kind": "building", "street": "2nd Street, Gandhi Nagar", "use": "residential", "floors": 2, "match_status": "matched", "severity": "none", "review": false, "name": null}}, {"type": "Feature", "geometry": {"type": "Point", "coordinates": [76.9805088, 11.0355222]}, "properties": {"id": "w1236978611", "kind": "building", "street": "2nd Street, Gandhi Nagar", "use": null, "floors": null, "match_status": "matched", "severity": "none", "review": false, "name": null}}, {"type": "Feature", "geometry": {"type": "Point", "coordinates": [76.9838359, 11.0359937]}, "properties": {"id": "w1236977960", "kind": "building", "street": "2nd Street, Gandhi Nagar", "use": "residential", "floors": 2, "match_status": "matched", "severity": "none", "review": false, "name": null}}, {"type": "Feature", "geometry": {"type": "Point", "coordinates": [76.9804685, 11.0355509]}, "properties": {"id": "w1236978553", "kind": "building", "street": "2nd Street, Gandhi Nagar", "use": "commercial", "floors": null, "match_status": "matched", "severity": "none", "review": false, "name": "kannimaar fabrics"}}, {"type": "Feature", "geometry": {"type": "Point", "coordinates": [76.9826191, 11.0359744]}, "properties": {"id": "w1236978037", "kind": "building", "street": "2nd Street, Gandhi Nagar", "use": "residential", "floors": 2, "match_status": "matched", "severity": "none", "review": false, "name": null}}, {"type": "Feature", "geometry": {"type": "Point", "coordinates": [76.9796326, 11.0313984]}, "properties": {"id": "w1247744980", "kind": "building", "street": "2nd Street, Ganapathy Gardens (approx.)", "use": "residential", "floors": 4, "match_status": "matched", "severity": "none", "review": false, "name": "STERLING HEIGHTS"}}, {"type": "Feature", "geometry": {"type": "Point", "coordinates": [76.9800902, 11.0315242]}, "properties": {"id": "w1247745260", "kind": "building", "street": "2nd Street, Ganapathy Gardens (approx.)", "use": null, "floors": null, "match_status": "matched", "severity": "none", "review": false, "name": null}}, {"type": "Feature", "geometry": {"type": "Point", "coordinates": [76.9822136, 11.0332549]}, "properties": {"id": "w1247745228", "kind": "building", "street": "2nd Street, Ganapathy Gardens (approx.)", "use": null, "floors": null, "match_status": "matched", "severity": "none", "review": false, "name": null}}, {"type": "Feature", "geometry": {"type": "Point", "coordinates": [76.9803787, 11.0310804]}, "properties": {"id": "w1247745157", "kind": "building", "street": "2nd Street, Ganapathy Gardens (approx.)", "use": "residential", "floors": 2, "match_status": "matched", "severity": "none", "review": false, "name": "apr engineering"}}, {"type": "Feature", "geometry": {"type": "Point", "coordinates": [76.9805745, 11.0312415]}, "properties": {"id": "w1247744963", "kind": "building", "street": "2nd Street, Ganapathy Gardens (approx.)", "use": "residential", "floors": 2, "match_status": "matched", "severity": "none", "review": false, "name": "Narmatha Industries"}}, {"type": "Feature", "geometry": {"type": "Point", "coordinates": [76.9804394, 11.0316219]}, "properties": {"id": "w1247745043", "kind": "building", "street": "2nd Street, Ganapathy Gardens (approx.)", "use": null, "floors": null, "match_status": "no_record", "severity": "high", "review": true, "name": null}}, {"type": "Feature", "geometry": {"type": "Point", "coordinates": [76.9807536, 11.0317515]}, "properties": {"id": "w1247745277", "kind": "building", "street": "2nd Street, Ganapathy Gardens (approx.)", "use": "commercial", "floors": null, "match_status": "discrepancy", "severity": "medium", "review": false, "name": "sri lakshmi"}}, {"type": "Feature", "geometry": {"type": "Point", "coordinates": [76.982169, 11.0321384]}, "properties": {"id": "w1247745170", "kind": "building", "street": "2nd Street, Ganapathy Gardens (approx.)", "use": "commercial", "floors": 1, "match_status": "matched", "severity": "none", "review": false, "name": "swaminathan"}}, {"type": "Feature", "geometry": {"type": "Point", "coordinates": [76.9798957, 11.0311037]}, "properties": {"id": "w1247745080", "kind": "building", "street": "2nd Street, Ganapathy Gardens (approx.)", "use": "residential", "floors": 2, "match_status": "matched", "severity": "none", "review": false, "name": null}}, {"type": "Feature", "geometry": {"type": "Point", "coordinates": [76.9811324, 11.0315141]}, "properties": {"id": "w1247742067", "kind": "building", "street": "2nd Street, Ganapathy Gardens (approx.)", "use": null, "floors": null, "match_status": "no_record", "severity": "high", "review": true, "name": null}}, {"type": "Feature", "geometry": {"type": "Point", "coordinates": [76.9832602, 11.0335184]}, "properties": {"id": "w1247745126", "kind": "building", "street": "2nd Street, Ganapathy Gardens (approx.)", "use": null, "floors": null, "match_status": "matched", "severity": "none", "review": false, "name": null}}, {"type": "Feature", "geometry": {"type": "Point", "coordinates": [76.9825544, 11.0324357]}, "properties": {"id": "w1247745174", "kind": "building", "street": "2nd Street, Ganapathy Gardens (approx.)", "use": "residential", "floors": 4, "match_status": "matched", "severity": "none", "review": false, "name": null}}, {"type": "Feature", "geometry": {"type": "Point", "coordinates": [76.9824859, 11.0322685]}, "properties": {"id": "w1247745215", "kind": "building", "street": "2nd Street, Ganapathy Gardens (approx.)", "use": null, "floors": null, "match_status": "matched", "severity": "none", "review": false, "name": "accrambes"}}, {"type": "Feature", "geometry": {"type": "Point", "coordinates": [76.9796889, 11.0310237]}, "properties": {"id": "w1247745336", "kind": "building", "street": "2nd Street, Ganapathy Gardens (approx.)", "use": "institutional", "floors": 2, "match_status": "discrepancy", "severity": "medium", "review": false, "name": null}}, {"type": "Feature", "geometry": {"type": "Point", "coordinates": [76.9825099, 11.0320594]}, "properties": {"id": "w1247744968", "kind": "building", "street": "2nd Street, Ganapathy Gardens (approx.)", "use": "residential", "floors": 2, "match_status": "matched", "severity": "none", "review": false, "name": "wndkead"}}, {"type": "Feature", "geometry": {"type": "Point", "coordinates": [76.9825878, 11.0327816]}, "properties": {"id": "w1247745097", "kind": "building", "street": "2nd Street, Ganapathy Gardens (approx.)", "use": "residential", "floors": 3, "match_status": "discrepancy", "severity": "medium", "review": true, "name": null}}, {"type": "Feature", "geometry": {"type": "Point", "coordinates": [76.9820715, 11.0325753]}, "properties": {"id": "w1247745282", "kind": "building", "street": "2nd Street, Ganapathy Gardens (approx.)", "use": null, "floors": null, "match_status": "matched", "severity": "none", "review": false, "name": null}}, {"type": "Feature", "geometry": {"type": "Point", "coordinates": [76.9820227, 11.0320244]}, "properties": {"id": "w1247745317", "kind": "building", "street": "2nd Street, Ganapathy Gardens (approx.)", "use": "commercial", "floors": 2, "match_status": "matched", "severity": "none", "review": false, "name": null}}, {"type": "Feature", "geometry": {"type": "Point", "coordinates": [76.9837884, 11.0336645]}, "properties": {"id": "w1247745161", "kind": "building", "street": "2nd Street, Ganapathy Gardens (approx.)", "use": "residential", "floors": 2, "match_status": "matched", "severity": "none", "review": false, "name": null}}, {"type": "Feature", "geometry": {"type": "Point", "coordinates": [76.9824458, 11.0332528]}, "properties": {"id": "w1247745253", "kind": "building", "street": "2nd Street, Ganapathy Gardens (approx.)", "use": null, "floors": null, "match_status": "matched", "severity": "none", "review": false, "name": null}}, {"type": "Feature", "geometry": {"type": "Point", "coordinates": [76.9801461, 11.0309777]}, "properties": {"id": "w1247745006", "kind": "building", "street": "2nd Street, Ganapathy Gardens (approx.)", "use": null, "floors": null, "match_status": "no_record", "severity": "high", "review": true, "name": null}}, {"type": "Feature", "geometry": {"type": "Point", "coordinates": [76.9807443, 11.0315912]}, "properties": {"id": "w1247745245", "kind": "building", "street": "2nd Street, Ganapathy Gardens (approx.)", "use": "residential", "floors": 3, "match_status": "discrepancy", "severity": "medium", "review": true, "name": null}}, {"type": "Feature", "geometry": {"type": "Point", "coordinates": [76.9818843, 11.0319948]}, "properties": {"id": "w1247745303", "kind": "building", "street": "2nd Street, Ganapathy Gardens (approx.)", "use": "other", "floors": 1, "match_status": "matched", "severity": "none", "review": false, "name": null}}, {"type": "Feature", "geometry": {"type": "Point", "coordinates": [76.9833928, 11.0331291]}, "properties": {"id": "w1247745220", "kind": "building", "street": "2nd Street, Ganapathy Gardens (approx.)", "use": "residential", "floors": 2, "match_status": "no_record", "severity": "high", "review": true, "name": null}}, {"type": "Feature", "geometry": {"type": "Point", "coordinates": [76.9813891, 11.0316036]}, "properties": {"id": "w1247742073", "kind": "building", "street": "2nd Street, Ganapathy Gardens (approx.)", "use": null, "floors": null, "match_status": "matched", "severity": "none", "review": false, "name": "scouts"}}, {"type": "Feature", "geometry": {"type": "Point", "coordinates": [76.9827297, 11.0331008]}, "properties": {"id": "w1247745214", "kind": "building", "street": "2nd Street, Ganapathy Gardens (approx.)", "use": null, "floors": null, "match_status": "matched", "severity": "none", "review": false, "name": null}}, {"type": "Feature", "geometry": {"type": "Point", "coordinates": [76.9807539, 11.0313963]}, "properties": {"id": "w1247745248", "kind": "building", "street": "2nd Street, Ganapathy Gardens (approx.)", "use": "residential", "floors": 2, "match_status": "matched", "severity": "none", "review": false, "name": "kmp"}}, {"type": "Feature", "geometry": {"type": "Point", "coordinates": [76.9828672, 11.0331134]}, "properties": {"id": "w1247745280", "kind": "building", "street": "2nd Street, Ganapathy Gardens (approx.)", "use": null, "floors": null, "match_status": "matched", "severity": "none", "review": false, "name": null}}, {"type": "Feature", "geometry": {"type": "Point", "coordinates": [76.983557, 11.0339676]}, "properties": {"id": "w1247745069", "kind": "building", "street": "2nd Street, Ganapathy Gardens (approx.)", "use": null, "floors": null, "match_status": "matched", "severity": "none", "review": false, "name": null}}, {"type": "Feature", "geometry": {"type": "Point", "coordinates": [76.9833961, 11.0337645]}, "properties": {"id": "w1247744977", "kind": "building", "street": "2nd Street, Ganapathy Gardens (approx.)", "use": null, "floors": null, "match_status": "matched", "severity": "none", "review": false, "name": null}}, {"type": "Feature", "geometry": {"type": "Point", "coordinates": [76.9817882, 11.0319498]}, "properties": {"id": "w1247745132", "kind": "building", "street": "2nd Street, Ganapathy Gardens (approx.)", "use": "other", "floors": 1, "match_status": "matched", "severity": "none", "review": false, "name": null}}, {"type": "Feature", "geometry": {"type": "Point", "coordinates": [76.983393, 11.0338587]}, "properties": {"id": "w1247745054", "kind": "building", "street": "2nd Street, Ganapathy Gardens (approx.)", "use": null, "floors": null, "match_status": "matched", "severity": "none", "review": false, "name": null}}, {"type": "Feature", "geometry": {"type": "Point", "coordinates": [76.9835379, 11.0333365]}, "properties": {"id": "w1247745130", "kind": "building", "street": "2nd Street, Ganapathy Gardens (approx.)", "use": null, "floors": null, "match_status": "matched", "severity": "none", "review": false, "name": null}}, {"type": "Feature", "geometry": {"type": "Point", "coordinates": [76.98335, 11.0332686]}, "properties": {"id": "w1247745056", "kind": "building", "street": "2nd Street, Ganapathy Gardens (approx.)", "use": "commercial", "floors": null, "match_status": "discrepancy", "severity": "medium", "review": false, "name": "nsk travels"}}, {"type": "Feature", "geometry": {"type": "Point", "coordinates": [76.983491, 11.0334178]}, "properties": {"id": "w1247745273", "kind": "building", "street": "2nd Street, Ganapathy Gardens (approx.)", "use": null, "floors": null, "match_status": "matched", "severity": "none", "review": false, "name": null}}, {"type": "Feature", "geometry": {"type": "Point", "coordinates": [76.9804029, 11.0312578]}, "properties": {"id": "w1247745123", "kind": "building", "street": "2nd Street, Ganapathy Gardens (approx.)", "use": "commercial", "floors": null, "match_status": "matched", "severity": "none", "review": false, "name": "narmatha industries"}}, {"type": "Feature", "geometry": {"type": "Point", "coordinates": [76.9814527, 11.0314551]}, "properties": {"id": "w1247742069", "kind": "building", "street": "2nd Street, Ganapathy Gardens (approx.)", "use": "commercial", "floors": null, "match_status": "matched", "severity": "none", "review": false, "name": "NOINZERING"}}, {"type": "Feature", "geometry": {"type": "Point", "coordinates": [76.9829751, 11.0332018]}, "properties": {"id": "w1247745042", "kind": "building", "street": "2nd Street, Ganapathy Gardens (approx.)", "use": null, "floors": null, "match_status": "matched", "severity": "none", "review": false, "name": null}}, {"type": "Feature", "geometry": {"type": "Point", "coordinates": [76.9834128, 11.0336767]}, "properties": {"id": "w1247745243", "kind": "building", "street": "2nd Street, Ganapathy Gardens (approx.)", "use": "residential", "floors": 2, "match_status": "matched", "severity": "none", "review": false, "name": null}}, {"type": "Feature", "geometry": {"type": "Point", "coordinates": [76.9822485, 11.0318757]}, "properties": {"id": "w1247745284", "kind": "building", "street": "2nd Street, Ganapathy Gardens (approx.)", "use": "residential", "floors": 2, "match_status": "matched", "severity": "none", "review": false, "name": "modern today"}}, {"type": "Feature", "geometry": {"type": "Point", "coordinates": [76.983087, 11.0334834]}, "properties": {"id": "w1247745107", "kind": "building", "street": "2nd Street, Ganapathy Gardens (approx.)", "use": null, "floors": null, "match_status": "matched", "severity": "none", "review": false, "name": "Happy Homes"}}, {"type": "Feature", "geometry": {"type": "Point", "coordinates": [76.9815655, 11.0317006]}, "properties": {"id": "w1247742071", "kind": "building", "street": "2nd Street, Ganapathy Gardens (approx.)", "use": "commercial", "floors": null, "match_status": "matched", "severity": "none", "review": false, "name": "MAYURAENGINBERING"}}, {"type": "Feature", "geometry": {"type": "Point", "coordinates": [76.983644, 11.0335682]}, "properties": {"id": "w1247745067", "kind": "building", "street": "2nd Street, Ganapathy Gardens (approx.)", "use": "residential", "floors": 2, "match_status": "matched", "severity": "none", "review": false, "name": null}}, {"type": "Feature", "geometry": {"type": "Point", "coordinates": [76.9836511, 11.0334066]}, "properties": {"id": "w1247745151", "kind": "building", "street": "2nd Street, Ganapathy Gardens (approx.)", "use": null, "floors": null, "match_status": "matched", "severity": "none", "review": false, "name": null}}, {"type": "Feature", "geometry": {"type": "Point", "coordinates": [76.9817852, 11.0316079]}, "properties": {"id": "w1247745301", "kind": "building", "street": "2nd Street, Ganapathy Gardens (approx.)", "use": "residential", "floors": 1, "match_status": "discrepancy", "severity": "medium", "review": true, "name": "nayura engineering"}}, {"type": "Feature", "geometry": {"type": "Point", "coordinates": [76.9825199, 11.0330994]}, "properties": {"id": "w1247745271", "kind": "building", "street": "2nd Street, Ganapathy Gardens (approx.)", "use": "residential", "floors": 2, "match_status": "matched", "severity": "none", "review": false, "name": null}}, {"type": "Feature", "geometry": {"type": "Point", "coordinates": [76.9836041, 11.033857]}, "properties": {"id": "w1247745031", "kind": "building", "street": "2nd Street, Ganapathy Gardens (approx.)", "use": null, "floors": null, "match_status": "matched", "severity": "none", "review": false, "name": null}}, {"type": "Feature", "geometry": {"type": "Point", "coordinates": [76.9826484, 11.0334066]}, "properties": {"id": "w1247745124", "kind": "building", "street": "2nd Street, Ganapathy Gardens (approx.)", "use": null, "floors": null, "match_status": "discrepancy", "severity": "medium", "review": true, "name": null}}, {"type": "Feature", "geometry": {"type": "Point", "coordinates": [76.9823085, 11.0327224]}, "properties": {"id": "w1247745075", "kind": "building", "street": "2nd Street, Ganapathy Gardens (approx.)", "use": null, "floors": null, "match_status": "matched", "severity": "none", "review": false, "name": null}}, {"type": "Feature", "geometry": {"type": "Point", "coordinates": [76.98195, 11.032512]}, "properties": {"id": "w1247745349", "kind": "building", "street": "2nd Street, Ganapathy Gardens (approx.)", "use": null, "floors": null, "match_status": "matched", "severity": "none", "review": false, "name": null}}, {"type": "Feature", "geometry": {"type": "Point", "coordinates": [76.9812906, 11.0317248]}, "properties": {"id": "w1247745013", "kind": "building", "street": "2nd Street, Ganapathy Gardens (approx.)", "use": "commercial", "floors": 1, "match_status": "matched", "severity": "none", "review": false, "name": "sea innable"}}, {"type": "Feature", "geometry": {"type": "Point", "coordinates": [76.983196, 11.0333359]}, "properties": {"id": "w1247745142", "kind": "building", "street": "2nd Street, Ganapathy Gardens (approx.)", "use": null, "floors": null, "match_status": "matched", "severity": "none", "review": false, "name": null}}, {"type": "Feature", "geometry": {"type": "Point", "coordinates": [76.9812259, 11.0317079]}, "properties": {"id": "w1247745022", "kind": "building", "street": "2nd Street, Ganapathy Gardens (approx.)", "use": null, "floors": null, "match_status": "matched", "severity": "none", "review": false, "name": null}}, {"type": "Feature", "geometry": {"type": "Point", "coordinates": [76.9834582, 11.0336136]}, "properties": {"id": "w1247745166", "kind": "building", "street": "2nd Street, Ganapathy Gardens (approx.)", "use": null, "floors": null, "match_status": "matched", "severity": "none", "review": false, "name": null}}, {"type": "Feature", "geometry": {"type": "Point", "coordinates": [76.980641, 11.0331258]}, "properties": {"id": "w1247745191", "kind": "building", "street": "Sri Ganapathy Gardens 3rd Street (approx.)", "use": null, "floors": null, "match_status": "matched", "severity": "none", "review": false, "name": null}}, {"type": "Feature", "geometry": {"type": "Point", "coordinates": [76.9798993, 11.0346315]}, "properties": {"id": "w1236977936", "kind": "building", "street": "Sri Ganapathy Gardens 3rd Street (approx.)", "use": "commercial", "floors": null, "match_status": "discrepancy", "severity": "medium", "review": false, "name": "Akayukthi"}}, {"type": "Feature", "geometry": {"type": "Point", "coordinates": [76.9809676, 11.0339209]}, "properties": {"id": "w1247745148", "kind": "building", "street": "Sri Ganapathy Gardens 3rd Street (approx.)", "use": "residential", "floors": 2, "match_status": "matched", "severity": "none", "review": false, "name": null}}, {"type": "Feature", "geometry": {"type": "Point", "coordinates": [76.9813793, 11.0340228]}, "properties": {"id": "w1247745291", "kind": "building", "street": "Sri Ganapathy Gardens 3rd Street (approx.)", "use": "residential", "floors": 1, "match_status": "matched", "severity": "none", "review": false, "name": null}}, {"type": "Feature", "geometry": {"type": "Point", "coordinates": [76.9794979, 11.0345985]}, "properties": {"id": "w1247745072", "kind": "building", "street": "Sri Ganapathy Gardens 3rd Street (approx.)", "use": "residential", "floors": 3, "match_status": "matched", "severity": "none", "review": false, "name": null}}, {"type": "Feature", "geometry": {"type": "Point", "coordinates": [76.9797738, 11.0343189]}, "properties": {"id": "w1247745211", "kind": "building", "street": "Sri Ganapathy Gardens 3rd Street (approx.)", "use": "residential", "floors": 2, "match_status": "discrepancy", "severity": "medium", "review": false, "name": null}}, {"type": "Feature", "geometry": {"type": "Point", "coordinates": [76.9807451, 11.0340718]}, "properties": {"id": "w1247745250", "kind": "building", "street": "Sri Ganapathy Gardens 3rd Street (approx.)", "use": null, "floors": null, "match_status": "matched", "severity": "none", "review": false, "name": "Animals Enclave"}}, {"type": "Feature", "geometry": {"type": "Point", "coordinates": [76.9795407, 11.0349166]}, "properties": {"id": "w1236978693", "kind": "building", "street": "Sri Ganapathy Gardens 3rd Street (approx.)", "use": null, "floors": null, "match_status": "no_record", "severity": "high", "review": true, "name": null}}, {"type": "Feature", "geometry": {"type": "Point", "coordinates": [76.9802105, 11.0342701]}, "properties": {"id": "w1247745299", "kind": "building", "street": "Sri Ganapathy Gardens 3rd Street (approx.)", "use": "other", "floors": 1, "match_status": "matched", "severity": "none", "review": false, "name": null}}, {"type": "Feature", "geometry": {"type": "Point", "coordinates": [76.9805133, 11.0340722]}, "properties": {"id": "w1247745139", "kind": "building", "street": "Sri Ganapathy Gardens 3rd Street (approx.)", "use": "residential", "floors": 3, "match_status": "matched", "severity": "none", "review": false, "name": null}}, {"type": "Feature", "geometry": {"type": "Point", "coordinates": [76.9811649, 11.0332001]}, "properties": {"id": "w1247745240", "kind": "building", "street": "Sri Ganapathy Gardens 3rd Street (approx.)", "use": null, "floors": null, "match_status": "discrepancy", "severity": "medium", "review": false, "name": null}}, {"type": "Feature", "geometry": {"type": "Point", "coordinates": [76.9798902, 11.0349967]}, "properties": {"id": "w1236978330", "kind": "building", "street": "Sri Ganapathy Gardens 3rd Street (approx.)", "use": null, "floors": null, "match_status": "discrepancy", "severity": "medium", "review": false, "name": null}}, {"type": "Feature", "geometry": {"type": "Point", "coordinates": [76.981059, 11.0336496]}, "properties": {"id": "w1247745274", "kind": "building", "street": "Sri Ganapathy Gardens 3rd Street (approx.)", "use": null, "floors": null, "match_status": "no_record", "severity": "high", "review": true, "name": null}}, {"type": "Feature", "geometry": {"type": "Point", "coordinates": [76.9810088, 11.0337587]}, "properties": {"id": "w1247745305", "kind": "building", "street": "Sri Ganapathy Gardens 3rd Street (approx.)", "use": null, "floors": null, "match_status": "matched", "severity": "none", "review": false, "name": null}}, {"type": "Feature", "geometry": {"type": "Point", "coordinates": [76.9813505, 11.033278]}, "properties": {"id": "w1247745061", "kind": "building", "street": "Sri Ganapathy Gardens 3rd Street (approx.)", "use": null, "floors": null, "match_status": "matched", "severity": "none", "review": false, "name": null}}, {"type": "Feature", "geometry": {"type": "Point", "coordinates": [76.9809257, 11.0340818]}, "properties": {"id": "w1247745275", "kind": "building", "street": "Sri Ganapathy Gardens 3rd Street (approx.)", "use": "residential", "floors": 2, "match_status": "matched", "severity": "none", "review": false, "name": null}}, {"type": "Feature", "geometry": {"type": "Point", "coordinates": [76.981124, 11.0333264]}, "properties": {"id": "w1247744998", "kind": "building", "street": "Sri Ganapathy Gardens 3rd Street (approx.)", "use": null, "floors": null, "match_status": "matched", "severity": "none", "review": false, "name": null}}, {"type": "Feature", "geometry": {"type": "Point", "coordinates": [76.9807947, 11.0329053]}, "properties": {"id": "w1247745088", "kind": "building", "street": "Sri Ganapathy Gardens 3rd Street (approx.)", "use": "other", "floors": 1, "match_status": "matched", "severity": "none", "review": false, "name": null}}, {"type": "Feature", "geometry": {"type": "Point", "coordinates": [76.9810715, 11.0335503]}, "properties": {"id": "w1247745065", "kind": "building", "street": "Sri Ganapathy Gardens 3rd Street (approx.)", "use": null, "floors": null, "match_status": "matched", "severity": "none", "review": false, "name": null}}, {"type": "Feature", "geometry": {"type": "Point", "coordinates": [76.9803294, 11.0340634]}, "properties": {"id": "w1247745338", "kind": "building", "street": "Sri Ganapathy Gardens 3rd Street (approx.)", "use": "commercial", "floors": 1, "match_status": "matched", "severity": "none", "review": false, "name": null}}, {"type": "Feature", "geometry": {"type": "Point", "coordinates": [76.9795872, 11.0348228]}, "properties": {"id": "w1236978576", "kind": "building", "street": "Sri Ganapathy Gardens 3rd Street (approx.)", "use": "commercial", "floors": 3, "match_status": "matched", "severity": "none", "review": false, "name": null}}, {"type": "Feature", "geometry": {"type": "Point", "coordinates": [76.9809593, 11.0331524]}, "properties": {"id": "w1247745027", "kind": "building", "street": "Sri Ganapathy Gardens 3rd Street (approx.)", "use": "residential", "floors": 2, "match_status": "matched", "severity": "none", "review": false, "name": null}}, {"type": "Feature", "geometry": {"type": "Point", "coordinates": [76.9796387, 11.034152]}, "properties": {"id": "w1247745041", "kind": "building", "street": "Sri Ganapathy Gardens 3rd Street (approx.)", "use": "residential", "floors": 2, "match_status": "matched", "severity": "none", "review": false, "name": null}}, {"type": "Feature", "geometry": {"type": "Point", "coordinates": [76.979721, 11.0339458]}, "properties": {"id": "w1247745020", "kind": "building", "street": "Sri Ganapathy Gardens 3rd Street (approx.)", "use": null, "floors": null, "match_status": "discrepancy", "severity": "medium", "review": true, "name": null}}, {"type": "Feature", "geometry": {"type": "Point", "coordinates": [76.9797245, 11.0345011]}, "properties": {"id": "w1247745351", "kind": "building", "street": "Sri Ganapathy Gardens 3rd Street (approx.)", "use": "institutional", "floors": 2, "match_status": "discrepancy", "severity": "medium", "review": true, "name": "preschool"}}, {"type": "Feature", "geometry": {"type": "Point", "coordinates": [76.9803756, 11.0344793]}, "properties": {"id": "w1247745268", "kind": "building", "street": "Sri Ganapathy Gardens 3rd Street (approx.)", "use": null, "floors": null, "match_status": "matched", "severity": "none", "review": false, "name": null}}, {"type": "Feature", "geometry": {"type": "Point", "coordinates": [76.9810988, 11.0334393]}, "properties": {"id": "w1247745023", "kind": "building", "street": "Sri Ganapathy Gardens 3rd Street (approx.)", "use": "residential", "floors": 2, "match_status": "matched", "severity": "none", "review": false, "name": null}}, {"type": "Feature", "geometry": {"type": "Point", "coordinates": [76.9800398, 11.0342615]}, "properties": {"id": "w1251630398", "kind": "building", "street": "Sri Ganapathy Gardens 3rd Street (approx.)", "use": "other", "floors": 1, "match_status": "matched", "severity": "none", "review": false, "name": null}}, {"type": "Feature", "geometry": {"type": "Point", "coordinates": [76.9810629, 11.0329411]}, "properties": {"id": "w1247745152", "kind": "building", "street": "Sri Ganapathy Gardens 3rd Street (approx.)", "use": null, "floors": null, "match_status": "matched", "severity": "none", "review": false, "name": null}}, {"type": "Feature", "geometry": {"type": "Point", "coordinates": [76.9810543, 11.0331837]}, "properties": {"id": "w1247745296", "kind": "building", "street": "Sri Ganapathy Gardens 3rd Street (approx.)", "use": "residential", "floors": 1, "match_status": "matched", "severity": "none", "review": false, "name": null}}, {"type": "Feature", "geometry": {"type": "Point", "coordinates": [76.9797228, 11.0349639]}, "properties": {"id": "w1236978702", "kind": "building", "street": "Sri Ganapathy Gardens 3rd Street (approx.)", "use": "residential", "floors": 1, "match_status": "matched", "severity": "none", "review": false, "name": null}}, {"type": "Feature", "geometry": {"type": "Point", "coordinates": [76.9797663, 11.0348743]}, "properties": {"id": "w1236978638", "kind": "building", "street": "Sri Ganapathy Gardens 3rd Street (approx.)", "use": null, "floors": null, "match_status": "matched", "severity": "none", "review": false, "name": null}}, {"type": "Feature", "geometry": {"type": "Point", "coordinates": [76.9803171, 11.0342636]}, "properties": {"id": "w1247745246", "kind": "building", "street": "Sri Ganapathy Gardens 3rd Street (approx.)", "use": null, "floors": null, "match_status": "matched", "severity": "none", "review": false, "name": null}}, {"type": "Feature", "geometry": {"type": "Point", "coordinates": [76.9812273, 11.0340733]}, "properties": {"id": "w1247745051", "kind": "building", "street": "Sri Ganapathy Gardens 3rd Street (approx.)", "use": null, "floors": null, "match_status": "matched", "severity": "none", "review": false, "name": null}}, {"type": "Feature", "geometry": {"type": "Point", "coordinates": [76.9813224, 11.0355424]}, "properties": {"id": "w1236978398", "kind": "building", "street": "2nd Cross Road, Gandhi Nagar (approx.)", "use": "residential", "floors": 2, "match_status": "matched", "severity": "none", "review": false, "name": null}}, {"type": "Feature", "geometry": {"type": "Point", "coordinates": [76.98074, 11.0351914]}, "properties": {"id": "w1236978389", "kind": "building", "street": "2nd Cross Road, Gandhi Nagar (approx.)", "use": "commercial", "floors": null, "match_status": "matched", "severity": "none", "review": false, "name": "senlax studio"}}, {"type": "Feature", "geometry": {"type": "Point", "coordinates": [76.9820506, 11.0356783]}, "properties": {"id": "w1236978736", "kind": "building", "street": "2nd Cross Road, Gandhi Nagar (approx.)", "use": "residential", "floors": 2, "match_status": "matched", "severity": "none", "review": false, "name": null}}, {"type": "Feature", "geometry": {"type": "Point", "coordinates": [76.9826464, 11.0353849]}, "properties": {"id": "w1236978280", "kind": "building", "street": "2nd Cross Road, Gandhi Nagar (approx.)", "use": null, "floors": null, "match_status": "matched", "severity": "none", "review": false, "name": null}}, {"type": "Feature", "geometry": {"type": "Point", "coordinates": [76.9824936, 11.0349721]}, "properties": {"id": "w1236978033", "kind": "building", "street": "2nd Cross Road, Gandhi Nagar (approx.)", "use": null, "floors": null, "match_status": "matched", "severity": "none", "review": false, "name": null}}, {"type": "Feature", "geometry": {"type": "Point", "coordinates": [76.9821192, 11.0351137]}, "properties": {"id": "w1236978385", "kind": "building", "street": "2nd Cross Road, Gandhi Nagar (approx.)", "use": "commercial", "floors": null, "match_status": "discrepancy", "severity": "medium", "review": false, "name": "Beornedl ot"}}, {"type": "Feature", "geometry": {"type": "Point", "coordinates": [76.9802168, 11.0352932]}, "properties": {"id": "w1236978198", "kind": "building", "street": "2nd Cross Road, Gandhi Nagar (approx.)", "use": "commercial", "floors": null, "match_status": "matched", "severity": "none", "review": false, "name": null}}, {"type": "Feature", "geometry": {"type": "Point", "coordinates": [76.9826637, 11.0347651]}, "properties": {"id": "w1236978346", "kind": "building", "street": "2nd Cross Road, Gandhi Nagar (approx.)", "use": "residential", "floors": 2, "match_status": "matched", "severity": "none", "review": false, "name": null}}, {"type": "Feature", "geometry": {"type": "Point", "coordinates": [76.9823144, 11.0342735]}, "properties": {"id": "w1247745200", "kind": "building", "street": "2nd Cross Road, Gandhi Nagar (approx.)", "use": null, "floors": null, "match_status": "matched", "severity": "none", "review": false, "name": null}}, {"type": "Feature", "geometry": {"type": "Point", "coordinates": [76.9824033, 11.0357393]}, "properties": {"id": "w1236978798", "kind": "building", "street": "2nd Cross Road, Gandhi Nagar (approx.)", "use": null, "floors": null, "match_status": "matched", "severity": "none", "review": false, "name": null}}, {"type": "Feature", "geometry": {"type": "Point", "coordinates": [76.9820964, 11.0350097]}, "properties": {"id": "w1236978261", "kind": "building", "street": "2nd Cross Road, Gandhi Nagar (approx.)", "use": null, "floors": null, "match_status": "matched", "severity": "none", "review": false, "name": null}}, {"type": "Feature", "geometry": {"type": "Point", "coordinates": [76.9822845, 11.0346001]}, "properties": {"id": "w1247745135", "kind": "building", "street": "2nd Cross Road, Gandhi Nagar (approx.)", "use": null, "floors": null, "match_status": "matched", "severity": "none", "review": false, "name": null}}, {"type": "Feature", "geometry": {"type": "Point", "coordinates": [76.982507, 11.0351507]}, "properties": {"id": "w1236978683", "kind": "building", "street": "2nd Cross Road, Gandhi Nagar (approx.)", "use": "residential", "floors": 3, "match_status": "matched", "severity": "none", "review": false, "name": null}}, {"type": "Feature", "geometry": {"type": "Point", "coordinates": [76.9823442, 11.0343772]}, "properties": {"id": "w1247745257", "kind": "building", "street": "2nd Cross Road, Gandhi Nagar (approx.)", "use": "residential", "floors": 2, "match_status": "matched", "severity": "none", "review": false, "name": null}}, {"type": "Feature", "geometry": {"type": "Point", "coordinates": [76.9811204, 11.0354877]}, "properties": {"id": "w1236978031", "kind": "building", "street": "2nd Cross Road, Gandhi Nagar (approx.)", "use": null, "floors": null, "match_status": "matched", "severity": "none", "review": false, "name": null}}, {"type": "Feature", "geometry": {"type": "Point", "coordinates": [76.9811866, 11.0352338]}, "properties": {"id": "w1236978056", "kind": "building", "street": "2nd Cross Road, Gandhi Nagar (approx.)", "use": "commercial", "floors": null, "match_status": "matched", "severity": "none", "review": false, "name": "sri jayanthnagar steels"}}, {"type": "Feature", "geometry": {"type": "Point", "coordinates": [76.9827336, 11.0345642]}, "properties": {"id": "w1237283610", "kind": "building", "street": "2nd Cross Road, Gandhi Nagar (approx.)", "use": null, "floors": null, "match_status": "matched", "severity": "none", "review": false, "name": null}}, {"type": "Feature", "geometry": {"type": "Point", "coordinates": [76.9814104, 11.035344]}, "properties": {"id": "w1236978496", "kind": "building", "street": "2nd Cross Road, Gandhi Nagar (approx.)", "use": null, "floors": null, "match_status": "matched", "severity": "none", "review": false, "name": null}}, {"type": "Feature", "geometry": {"type": "Point", "coordinates": [76.9815912, 11.0355961]}, "properties": {"id": "w1236978476", "kind": "building", "street": "2nd Cross Road, Gandhi Nagar (approx.)", "use": null, "floors": null, "match_status": "matched", "severity": "none", "review": false, "name": null}}, {"type": "Feature", "geometry": {"type": "Point", "coordinates": [76.9823404, 11.0354766]}, "properties": {"id": "w1236978618", "kind": "building", "street": "2nd Cross Road, Gandhi Nagar (approx.)", "use": "residential", "floors": 2, "match_status": "matched", "severity": "none", "review": false, "name": null}}, {"type": "Feature", "geometry": {"type": "Point", "coordinates": [76.9821102, 11.0354617]}, "properties": {"id": "w1236978568", "kind": "building", "street": "2nd Cross Road, Gandhi Nagar (approx.)", "use": "residential", "floors": 2, "match_status": "matched", "severity": "none", "review": false, "name": "skylink"}}, {"type": "Feature", "geometry": {"type": "Point", "coordinates": [76.9825916, 11.0342934]}, "properties": {"id": "w1247745021", "kind": "building", "street": "2nd Cross Road, Gandhi Nagar (approx.)", "use": "residential", "floors": 3, "match_status": "matched", "severity": "none", "review": false, "name": null}}, {"type": "Feature", "geometry": {"type": "Point", "coordinates": [76.9824826, 11.0353313]}, "properties": {"id": "w1236978314", "kind": "building", "street": "2nd Cross Road, Gandhi Nagar (approx.)", "use": "residential", "floors": 2, "match_status": "matched", "severity": "none", "review": false, "name": null}}, {"type": "Feature", "geometry": {"type": "Point", "coordinates": [76.981942, 11.0354453]}, "properties": {"id": "w1236977921", "kind": "building", "street": "2nd Cross Road, Gandhi Nagar (approx.)", "use": null, "floors": null, "match_status": "matched", "severity": "none", "review": false, "name": null}}, {"type": "Feature", "geometry": {"type": "Point", "coordinates": [76.9823671, 11.0353342]}, "properties": {"id": "w1236978326", "kind": "building", "street": "2nd Cross Road, Gandhi Nagar (approx.)", "use": "commercial", "floors": null, "match_status": "no_record", "severity": "high", "review": true, "name": "MACAOECATMA"}}, {"type": "Feature", "geometry": {"type": "Point", "coordinates": [76.9821532, 11.035223]}, "properties": {"id": "w1236978079", "kind": "building", "street": "2nd Cross Road, Gandhi Nagar (approx.)", "use": "residential", "floors": 2, "match_status": "matched", "severity": "none", "review": false, "name": null}}, {"type": "Feature", "geometry": {"type": "Point", "coordinates": [76.9825986, 11.034407]}, "properties": {"id": "w1247744962", "kind": "building", "street": "2nd Cross Road, Gandhi Nagar (approx.)", "use": "residential", "floors": 2, "match_status": "matched", "severity": "none", "review": false, "name": null}}, {"type": "Feature", "geometry": {"type": "Point", "coordinates": [76.9825744, 11.0345201]}, "properties": {"id": "w1237283612", "kind": "building", "street": "2nd Cross Road, Gandhi Nagar (approx.)", "use": "residential", "floors": 2, "match_status": "matched", "severity": "none", "review": false, "name": null}}, {"type": "Feature", "geometry": {"type": "Point", "coordinates": [76.9822678, 11.0347124]}, "properties": {"id": "w1247745155", "kind": "building", "street": "2nd Cross Road, Gandhi Nagar (approx.)", "use": "residential", "floors": 3, "match_status": "matched", "severity": "none", "review": false, "name": null}}, {"type": "Feature", "geometry": {"type": "Point", "coordinates": [76.9816993, 11.0355892]}, "properties": {"id": "w1236978516", "kind": "building", "street": "2nd Cross Road, Gandhi Nagar (approx.)", "use": "residential", "floors": 2, "match_status": "matched", "severity": "none", "review": false, "name": null}}, {"type": "Feature", "geometry": {"type": "Point", "coordinates": [76.9807723, 11.0353882]}, "properties": {"id": "w1236978335", "kind": "building", "street": "2nd Cross Road, Gandhi Nagar (approx.)", "use": null, "floors": null, "match_status": "matched", "severity": "none", "review": false, "name": null}}, {"type": "Feature", "geometry": {"type": "Point", "coordinates": [76.9805552, 11.0352006]}, "properties": {"id": "w1236978222", "kind": "building", "street": "2nd Cross Road, Gandhi Nagar (approx.)", "use": null, "floors": null, "match_status": "matched", "severity": "none", "review": false, "name": null}}, {"type": "Feature", "geometry": {"type": "Point", "coordinates": [76.9823625, 11.0344869]}, "properties": {"id": "w1247745241", "kind": "building", "street": "2nd Cross Road, Gandhi Nagar (approx.)", "use": null, "floors": null, "match_status": "matched", "severity": "none", "review": true, "name": "vijaya"}}, {"type": "Feature", "geometry": {"type": "Point", "coordinates": [76.9810777, 11.0353102]}, "properties": {"id": "w1236978491", "kind": "building", "street": "2nd Cross Road, Gandhi Nagar (approx.)", "use": "commercial", "floors": null, "match_status": "matched", "severity": "none", "review": false, "name": "sri javantha nagar steels"}}, {"type": "Feature", "geometry": {"type": "Point", "coordinates": [76.9821939, 11.0353488]}, "properties": {"id": "w1236978733", "kind": "building", "street": "2nd Cross Road, Gandhi Nagar (approx.)", "use": null, "floors": null, "match_status": "matched", "severity": "none", "review": false, "name": null}}, {"type": "Feature", "geometry": {"type": "Point", "coordinates": [76.9822639, 11.0348748]}, "properties": {"id": "w1236978680", "kind": "building", "street": "2nd Cross Road, Gandhi Nagar (approx.)", "use": "residential", "floors": 2, "match_status": "matched", "severity": "none", "review": false, "name": null}}, {"type": "Feature", "geometry": {"type": "Point", "coordinates": [76.9845248, 11.0334134]}, "properties": {"id": "w1247745352", "kind": "building", "street": "Korathottam Road", "use": null, "floors": null, "match_status": "matched", "severity": "none", "review": false, "name": null}}, {"type": "Feature", "geometry": {"type": "Point", "coordinates": [76.9850814, 11.0336355]}, "properties": {"id": "w1247744653", "kind": "building", "street": "Korathottam Road", "use": null, "floors": null, "match_status": "matched", "severity": "none", "review": false, "name": null}}, {"type": "Feature", "geometry": {"type": "Point", "coordinates": [76.9832865, 11.0339363]}, "properties": {"id": "w1247745339", "kind": "building", "street": "Korathottam Road", "use": "residential", "floors": 3, "match_status": "matched", "severity": "none", "review": false, "name": null}}, {"type": "Feature", "geometry": {"type": "Point", "coordinates": [76.9853244, 11.0335667]}, "properties": {"id": "w1247744906", "kind": "building", "street": "Korathottam Road", "use": null, "floors": null, "match_status": "no_record", "severity": "high", "review": true, "name": null}}, {"type": "Feature", "geometry": {"type": "Point", "coordinates": [76.9826457, 11.0340393]}, "properties": {"id": "w1247745084", "kind": "building", "street": "Korathottam Road", "use": "residential", "floors": 2, "match_status": "discrepancy", "severity": "medium", "review": true, "name": "UberMato"}}, {"type": "Feature", "geometry": {"type": "Point", "coordinates": [76.9842533, 11.0345599]}, "properties": {"id": "w1237283598", "kind": "building", "street": "Korathottam Road", "use": null, "floors": null, "match_status": "matched", "severity": "none", "review": false, "name": null}}, {"type": "Feature", "geometry": {"type": "Point", "coordinates": [76.9854543, 11.0337078]}, "properties": {"id": "w1247742143", "kind": "building", "street": "Korathottam Road", "use": null, "floors": null, "match_status": "discrepancy", "severity": "medium", "review": true, "name": null}}, {"type": "Feature", "geometry": {"type": "Point", "coordinates": [76.9855622, 11.0335496]}, "properties": {"id": "w1247744773", "kind": "building", "street": "Korathottam Road", "use": null, "floors": null, "match_status": "matched", "severity": "none", "review": false, "name": null}}, {"type": "Feature", "geometry": {"type": "Point", "coordinates": [76.9862148, 11.0333214]}, "properties": {"id": "w1237043961", "kind": "building", "street": "Korathottam Road", "use": "commercial", "floors": 2, "match_status": "matched", "severity": "none", "review": false, "name": null}}, {"type": "Feature", "geometry": {"type": "Point", "coordinates": [76.984228, 11.0340868]}, "properties": {"id": "w1247745237", "kind": "building", "street": "Korathottam Road", "use": null, "floors": null, "match_status": "matched", "severity": "none", "review": true, "name": "library"}}, {"type": "Feature", "geometry": {"type": "Point", "coordinates": [76.9843285, 11.033845]}, "properties": {"id": "w1247745262", "kind": "building", "street": "Korathottam Road", "use": null, "floors": null, "match_status": "matched", "severity": "none", "review": false, "name": null}}, {"type": "Feature", "geometry": {"type": "Point", "coordinates": [76.9836115, 11.0342505]}, "properties": {"id": "w1247745169", "kind": "building", "street": "Korathottam Road", "use": "commercial", "floors": 1, "match_status": "matched", "severity": "none", "review": true, "name": null}}, {"type": "Feature", "geometry": {"type": "Point", "coordinates": [76.9840291, 11.0339881]}, "properties": {"id": "w1247745300", "kind": "building", "street": "Korathottam Road", "use": null, "floors": null, "match_status": "matched", "severity": "none", "review": false, "name": null}}, {"type": "Feature", "geometry": {"type": "Point", "coordinates": [76.9828075, 11.0340678]}, "properties": {"id": "w1247745332", "kind": "building", "street": "Korathottam Road", "use": "residential", "floors": 3, "match_status": "matched", "severity": "none", "review": false, "name": null}}, {"type": "Feature", "geometry": {"type": "Point", "coordinates": [76.9851054, 11.0331643]}, "properties": {"id": "w1237039377", "kind": "building", "street": "Korathottam Road", "use": null, "floors": null, "match_status": "matched", "severity": "none", "review": false, "name": "skylink"}}, {"type": "Feature", "geometry": {"type": "Point", "coordinates": [76.9845932, 11.0338167]}, "properties": {"id": "w1247745261", "kind": "building", "street": "Korathottam Road", "use": null, "floors": null, "match_status": "matched", "severity": "none", "review": false, "name": null}}, {"type": "Feature", "geometry": {"type": "Point", "coordinates": [76.9846431, 11.0340684]}, "properties": {"id": "w1247745085", "kind": "building", "street": "Korathottam Road", "use": null, "floors": null, "match_status": "matched", "severity": "none", "review": false, "name": null}}, {"type": "Feature", "geometry": {"type": "Point", "coordinates": [76.9848002, 11.0335356]}, "properties": {"id": "w1247744639", "kind": "building", "street": "Korathottam Road", "use": null, "floors": null, "match_status": "matched", "severity": "none", "review": false, "name": null}}, {"type": "Feature", "geometry": {"type": "Point", "coordinates": [76.9830384, 11.0338875]}, "properties": {"id": "w1247745311", "kind": "building", "street": "Korathottam Road", "use": null, "floors": null, "match_status": "discrepancy", "severity": "medium", "review": false, "name": null}}, {"type": "Feature", "geometry": {"type": "Point", "coordinates": [76.9841369, 11.0340317]}, "properties": {"id": "w1247745105", "kind": "building", "street": "Korathottam Road", "use": "residential", "floors": 3, "match_status": "matched", "severity": "none", "review": false, "name": null}}, {"type": "Feature", "geometry": {"type": "Point", "coordinates": [76.984857, 11.0334481]}, "properties": {"id": "w1247744671", "kind": "building", "street": "Korathottam Road", "use": "residential", "floors": 2, "match_status": "matched", "severity": "none", "review": false, "name": null}}, {"type": "Feature", "geometry": {"type": "Point", "coordinates": [76.9849609, 11.0332159]}, "properties": {"id": "w1237039430", "kind": "building", "street": "Korathottam Road", "use": "residential", "floors": 2, "match_status": "matched", "severity": "none", "review": false, "name": null}}, {"type": "Feature", "geometry": {"type": "Point", "coordinates": [76.9850937, 11.0334961]}, "properties": {"id": "w1247744932", "kind": "building", "street": "Korathottam Road", "use": null, "floors": null, "match_status": "discrepancy", "severity": "high", "review": true, "name": null}}, {"type": "Feature", "geometry": {"type": "Point", "coordinates": [76.9839286, 11.0345148]}, "properties": {"id": "w1237283605", "kind": "building", "street": "Korathottam Road", "use": null, "floors": null, "match_status": "matched", "severity": "none", "review": false, "name": null}}, {"type": "Feature", "geometry": {"type": "Point", "coordinates": [76.9844761, 11.0340824]}, "properties": {"id": "w1247745106", "kind": "building", "street": "Korathottam Road", "use": "residential", "floors": 2, "match_status": "matched", "severity": "none", "review": false, "name": null}}, {"type": "Feature", "geometry": {"type": "Point", "coordinates": [76.9834995, 11.0342483]}, "properties": {"id": "w1247745290", "kind": "building", "street": "Korathottam Road", "use": "commercial", "floors": 1, "match_status": "discrepancy", "severity": "medium", "review": true, "name": null}}, {"type": "Feature", "geometry": {"type": "Point", "coordinates": [76.9833926, 11.0342255]}, "properties": {"id": "w1247745328", "kind": "building", "street": "Korathottam Road", "use": "commercial", "floors": 1, "match_status": "matched", "severity": "none", "review": false, "name": "all kinds of stational"}}, {"type": "Feature", "geometry": {"type": "Point", "coordinates": [76.9829132, 11.0340611]}, "properties": {"id": "w1247745083", "kind": "building", "street": "Korathottam Road", "use": null, "floors": null, "match_status": "matched", "severity": "none", "review": false, "name": null}}, {"type": "Feature", "geometry": {"type": "Point", "coordinates": [76.9848647, 11.0337811]}, "properties": {"id": "w1247744926", "kind": "building", "street": "Korathottam Road", "use": null, "floors": null, "match_status": "matched", "severity": "none", "review": false, "name": null}}, {"type": "Feature", "geometry": {"type": "Point", "coordinates": [76.9847039, 11.0330033]}, "properties": {"id": "w1247745102", "kind": "building", "street": "Korathottam Road", "use": null, "floors": null, "match_status": "matched", "severity": "none", "review": false, "name": null}}, {"type": "Feature", "geometry": {"type": "Point", "coordinates": [76.9852922, 11.0332665]}, "properties": {"id": "w1237039431", "kind": "building", "street": "Korathottam Road", "use": null, "floors": null, "match_status": "matched", "severity": "none", "review": false, "name": null}}, {"type": "Feature", "geometry": {"type": "Point", "coordinates": [76.9851939, 11.0332152]}, "properties": {"id": "w1237039409", "kind": "building", "street": "Korathottam Road", "use": "residential", "floors": 3, "match_status": "matched", "severity": "none", "review": false, "name": null}}, {"type": "Feature", "geometry": {"type": "Point", "coordinates": [76.9837411, 11.0340006]}, "properties": {"id": "w1247744967", "kind": "building", "street": "Korathottam Road", "use": "residential", "floors": 2, "match_status": "matched", "severity": "none", "review": false, "name": null}}, {"type": "Feature", "geometry": {"type": "Point", "coordinates": [76.9841567, 11.0344305]}, "properties": {"id": "w1247745086", "kind": "building", "street": "Korathottam Road", "use": "residential", "floors": 2, "match_status": "no_record", "severity": "high", "review": true, "name": null}}, {"type": "Feature", "geometry": {"type": "Point", "coordinates": [76.9836567, 11.0339653]}, "properties": {"id": "w1247745298", "kind": "building", "street": "Korathottam Road", "use": null, "floors": null, "match_status": "matched", "severity": "none", "review": false, "name": null}}, {"type": "Feature", "geometry": {"type": "Point", "coordinates": [76.9844048, 11.0341531]}, "properties": {"id": "w1247744975", "kind": "building", "street": "Korathottam Road", "use": null, "floors": null, "match_status": "matched", "severity": "none", "review": false, "name": null}}, {"type": "Feature", "geometry": {"type": "Point", "coordinates": [76.9844882, 11.0331351]}, "properties": {"id": "w1237039383", "kind": "building", "street": "Korathottam Road", "use": null, "floors": null, "match_status": "matched", "severity": "none", "review": false, "name": null}}, {"type": "Feature", "geometry": {"type": "Point", "coordinates": [76.9853875, 11.0331959]}, "properties": {"id": "w1237039285", "kind": "building", "street": "Korathottam Road", "use": null, "floors": null, "match_status": "discrepancy", "severity": "medium", "review": true, "name": null}}, {"type": "Feature", "geometry": {"type": "Point", "coordinates": [76.9838971, 11.0343034]}, "properties": {"id": "w1247745224", "kind": "building", "street": "Korathottam Road", "use": null, "floors": null, "match_status": "matched", "severity": "none", "review": false, "name": null}}, {"type": "Feature", "geometry": {"type": "Point", "coordinates": [76.9837797, 11.0343788]}, "properties": {"id": "w1247745333", "kind": "building", "street": "Korathottam Road", "use": null, "floors": null, "match_status": "discrepancy", "severity": "medium", "review": true, "name": null}}, {"type": "Feature", "geometry": {"type": "Point", "coordinates": [76.9786136, 11.0325656]}, "properties": {"id": "w1247745254", "kind": "building", "street": "Ganapathy - Avarampalayam Road", "use": "commercial", "floors": null, "match_status": "discrepancy", "severity": "medium", "review": false, "name": "associated road carriers ltd"}}, {"type": "Feature", "geometry": {"type": "Point", "coordinates": [76.9790269, 11.0312042]}, "properties": {"id": "w1247744960", "kind": "building", "street": "Ganapathy - Avarampalayam Road", "use": "commercial", "floors": 2, "match_status": "matched", "severity": "none", "review": false, "name": null}}, {"type": "Feature", "geometry": {"type": "Point", "coordinates": [76.9795582, 11.0317699]}, "properties": {"id": "w1247745063", "kind": "building", "street": "Ganapathy - Avarampalayam Road", "use": null, "floors": null, "match_status": "matched", "severity": "none", "review": false, "name": null}}, {"type": "Feature", "geometry": {"type": "Point", "coordinates": [76.9785942, 11.0333865]}, "properties": {"id": "w1247744676", "kind": "building", "street": "Ganapathy - Avarampalayam Road", "use": "residential", "floors": 2, "match_status": "matched", "severity": "none", "review": false, "name": "drul murugan"}}, {"type": "Feature", "geometry": {"type": "Point", "coordinates": [76.9793516, 11.0322427]}, "properties": {"id": "w1247744970", "kind": "building", "street": "Ganapathy - Avarampalayam Road", "use": "residential", "floors": 2, "match_status": "matched", "severity": "none", "review": false, "name": null}}, {"type": "Feature", "geometry": {"type": "Point", "coordinates": [76.9788531, 11.0319082]}, "properties": {"id": "w1247744958", "kind": "building", "street": "Ganapathy - Avarampalayam Road", "use": "commercial", "floors": 2, "match_status": "discrepancy", "severity": "medium", "review": true, "name": "uco bank"}}, {"type": "Feature", "geometry": {"type": "Point", "coordinates": [76.9792775, 11.0326201]}, "properties": {"id": "w1247745283", "kind": "building", "street": "Ganapathy - Avarampalayam Road", "use": null, "floors": null, "match_status": "no_record", "severity": "high", "review": true, "name": null}}, {"type": "Feature", "geometry": {"type": "Point", "coordinates": [76.9791494, 11.0330196]}, "properties": {"id": "w1247745057", "kind": "building", "street": "Ganapathy - Avarampalayam Road", "use": "residential", "floors": 1, "match_status": "discrepancy", "severity": "medium", "review": true, "name": null}}, {"type": "Feature", "geometry": {"type": "Point", "coordinates": [76.9791686, 11.0325928]}, "properties": {"id": "w1247745341", "kind": "building", "street": "Ganapathy - Avarampalayam Road", "use": "institutional", "floors": 2, "match_status": "matched", "severity": "none", "review": false, "name": "LRG NAIDU EDUCATIONAL AND CHARITABLE TRUST"}}, {"type": "Feature", "geometry": {"type": "Point", "coordinates": [76.9793763, 11.0327924]}, "properties": {"id": "w1247745089", "kind": "building", "street": "Ganapathy - Avarampalayam Road", "use": null, "floors": null, "match_status": "matched", "severity": "none", "review": false, "name": null}}, {"type": "Feature", "geometry": {"type": "Point", "coordinates": [76.9788872, 11.0323588]}, "properties": {"id": "w1247745114", "kind": "building", "street": "Ganapathy - Avarampalayam Road", "use": "mixed", "floors": 3, "match_status": "matched", "severity": "none", "review": false, "name": null}}, {"type": "Feature", "geometry": {"type": "Point", "coordinates": [76.9789613, 11.0321458]}, "properties": {"id": "w1247745207", "kind": "building", "street": "Ganapathy - Avarampalayam Road", "use": "other", "floors": 1, "match_status": "discrepancy", "severity": "medium", "review": false, "name": "kitchen equipment"}}, {"type": "Feature", "geometry": {"type": "Point", "coordinates": [76.9789952, 11.0317092]}, "properties": {"id": "w1247745093", "kind": "building", "street": "Ganapathy - Avarampalayam Road", "use": "other", "floors": 1, "match_status": "matched", "severity": "none", "review": false, "name": "balaji steel traders"}}, {"type": "Feature", "geometry": {"type": "Point", "coordinates": [76.9788374, 11.0314354]}, "properties": {"id": "w1247745014", "kind": "building", "street": "Ganapathy - Avarampalayam Road", "use": "commercial", "floors": 1, "match_status": "discrepancy", "severity": "medium", "review": true, "name": null}}, {"type": "Feature", "geometry": {"type": "Point", "coordinates": [76.9789079, 11.0322472]}, "properties": {"id": "w1247745160", "kind": "building", "street": "Ganapathy - Avarampalayam Road", "use": "commercial", "floors": 2, "match_status": "matched", "severity": "none", "review": false, "name": null}}, {"type": "Feature", "geometry": {"type": "Point", "coordinates": [76.9786839, 11.0328826]}, "properties": {"id": "w1247744894", "kind": "building", "street": "Ganapathy - Avarampalayam Road", "use": null, "floors": null, "match_status": "discrepancy", "severity": "medium", "review": true, "name": null}}, {"type": "Feature", "geometry": {"type": "Point", "coordinates": [76.9787922, 11.0329665]}, "properties": {"id": "w1247745321", "kind": "building", "street": "Ganapathy - Avarampalayam Road", "use": "other", "floors": 2, "match_status": "matched", "severity": "none", "review": false, "name": null}}, {"type": "Feature", "geometry": {"type": "Point", "coordinates": [76.9788372, 11.0335153]}, "properties": {"id": "w1251626332", "kind": "building", "street": "Ganapathy - Avarampalayam Road", "use": "residential", "floors": 2, "match_status": "matched", "severity": "none", "review": false, "name": null}}, {"type": "Feature", "geometry": {"type": "Point", "coordinates": [76.9791529, 11.0308382]}, "properties": {"id": "w1247745270", "kind": "building", "street": "Ganapathy - Avarampalayam Road", "use": "commercial", "floors": 1, "match_status": "no_record", "severity": "high", "review": true, "name": "anna bakery"}}, {"type": "Feature", "geometry": {"type": "Point", "coordinates": [76.9793098, 11.0308359]}, "properties": {"id": "w1251626528", "kind": "building", "street": "Ganapathy - Avarampalayam Road", "use": null, "floors": null, "match_status": "matched", "severity": "none", "review": false, "name": "swiggy"}}, {"type": "Feature", "geometry": {"type": "Point", "coordinates": [76.9785477, 11.0335132]}, "properties": {"id": "w1247744765", "kind": "building", "street": "Ganapathy - Avarampalayam Road", "use": null, "floors": null, "match_status": "matched", "severity": "none", "review": false, "name": "dr. m. doraikkannan"}}, {"type": "Feature", "geometry": {"type": "Point", "coordinates": [76.9790568, 11.0318251]}, "properties": {"id": "w1247745198", "kind": "building", "street": "Ganapathy - Avarampalayam Road", "use": "other", "floors": 1, "match_status": "no_record", "severity": "high", "review": true, "name": null}}, {"type": "Feature", "geometry": {"type": "Point", "coordinates": [76.9792237, 11.0318799]}, "properties": {"id": "w1247745185", "kind": "building", "street": "Ganapathy - Avarampalayam Road", "use": null, "floors": null, "match_status": "matched", "severity": "none", "review": false, "name": null}}, {"type": "Feature", "geometry": {"type": "Point", "coordinates": [76.9792013, 11.0319816]}, "properties": {"id": "w1247745064", "kind": "building", "street": "Ganapathy - Avarampalayam Road", "use": "commercial", "floors": null, "match_status": "matched", "severity": "none", "review": false, "name": "TOROBOT"}}, {"type": "Feature", "geometry": {"type": "Point", "coordinates": [76.979319, 11.0319492]}, "properties": {"id": "w1247745266", "kind": "building", "street": "Ganapathy - Avarampalayam Road", "use": null, "floors": null, "match_status": "matched", "severity": "none", "review": false, "name": null}}, {"type": "Feature", "geometry": {"type": "Point", "coordinates": [76.978931, 11.0333905]}, "properties": {"id": "w1251626346", "kind": "building", "street": "Ganapathy - Avarampalayam Road", "use": null, "floors": null, "match_status": "matched", "severity": "none", "review": false, "name": null}}, {"type": "Feature", "geometry": {"type": "Point", "coordinates": [76.9789634, 11.0332558]}, "properties": {"id": "w1251626341", "kind": "building", "street": "Ganapathy - Avarampalayam Road", "use": "commercial", "floors": 1, "match_status": "matched", "severity": "none", "review": false, "name": null}}, {"type": "Feature", "geometry": {"type": "Point", "coordinates": [76.9789437, 11.0333177]}, "properties": {"id": "w1251626342", "kind": "building", "street": "Ganapathy - Avarampalayam Road", "use": null, "floors": null, "match_status": "matched", "severity": "none", "review": false, "name": "zim sofa"}}, {"type": "Feature", "geometry": {"type": "Point", "coordinates": [76.9785457, 11.0336215]}, "properties": {"id": "w1251626330", "kind": "building", "street": "Ganapathy - Avarampalayam Road", "use": "residential", "floors": 3, "match_status": "discrepancy", "severity": "medium", "review": true, "name": "siva"}}, {"type": "Feature", "geometry": {"type": "Point", "coordinates": [76.9788325, 11.0362078]}, "properties": {"id": "w1251629725", "kind": "building", "street": "Sakthi Main Road", "use": "commercial", "floors": null, "match_status": "matched", "severity": "none", "review": false, "name": "Hindusthan"}}, {"type": "Feature", "geometry": {"type": "Point", "coordinates": [76.9783345, 11.0359112]}, "properties": {"id": "w1236978266", "kind": "building", "street": "Sakthi Main Road", "use": "commercial", "floors": 3, "match_status": "no_record", "severity": "high", "review": true, "name": "sri abiraami jewellery"}}, {"type": "Feature", "geometry": {"type": "Point", "coordinates": [76.9784351, 11.0360836]}, "properties": {"id": "w1236978422", "kind": "building", "street": "Sakthi Main Road", "use": "commercial", "floors": null, "match_status": "no_record", "severity": "high", "review": true, "name": "hindustan"}}, {"type": "Feature", "geometry": {"type": "Point", "coordinates": [76.9785041, 11.0361764]}, "properties": {"id": "w1236978349", "kind": "building", "street": "Sakthi Main Road", "use": "commercial", "floors": 2, "match_status": "matched", "severity": "none", "review": false, "name": "SEIMUTUAL FOND"}}, {"type": "Feature", "geometry": {"type": "Point", "coordinates": [76.9756426, 11.0288237]}, "properties": {"id": "w1251626539", "kind": "building", "street": "Sathy Main Road", "use": "other", "floors": 2, "match_status": "discrepancy", "severity": "medium", "review": true, "name": null}}, {"type": "Feature", "geometry": {"type": "Point", "coordinates": [76.9770813, 11.0315922]}, "properties": {"id": "w1247744847", "kind": "building", "street": "Sathy Main Road", "use": "commercial", "floors": 2, "match_status": "matched", "severity": "none", "review": false, "name": null}}, {"type": "Feature", "geometry": {"type": "Point", "coordinates": [76.977964, 11.0323113]}, "properties": {"id": "w1247744887", "kind": "building", "street": "Sathy Main Road", "use": "commercial", "floors": 3, "match_status": "matched", "severity": "none", "review": false, "name": null}}, {"type": "Feature", "geometry": {"type": "Point", "coordinates": [76.977272, 11.0317501]}, "properties": {"id": "w1247744754", "kind": "building", "street": "Sathy Main Road", "use": "commercial", "floors": null, "match_status": "matched", "severity": "none", "review": false, "name": "feathers furnishing"}}, {"type": "Feature", "geometry": {"type": "Point", "coordinates": [76.9780818, 11.0325891]}, "properties": {"id": "w1251630449", "kind": "building", "street": "Sathy Main Road", "use": "commercial", "floors": 1, "match_status": "matched", "severity": "none", "review": false, "name": "hero"}}, {"type": "Feature", "geometry": {"type": "Point", "coordinates": [76.9753023, 11.0303444]}, "properties": {"id": "w1252505489", "kind": "building", "street": "Sathy Main Road", "use": "commercial", "floors": 3, "match_status": "matched", "severity": "none", "review": false, "name": "cheran academy"}}, {"type": "Feature", "geometry": {"type": "Point", "coordinates": [76.9786664, 11.034389]}, "properties": {"id": "w1247744699", "kind": "building", "street": "Sathy Main Road", "use": "commercial", "floors": 2, "match_status": "matched", "severity": "none", "review": false, "name": "design to career solution"}}, {"type": "Feature", "geometry": {"type": "Point", "coordinates": [76.9774005, 11.0317943]}, "properties": {"id": "w1247744938", "kind": "building", "street": "Sathy Main Road", "use": "commercial", "floors": 2, "match_status": "discrepancy", "severity": "medium", "review": true, "name": "shree"}}, {"type": "Feature", "geometry": {"type": "Point", "coordinates": [76.9777775, 11.0321862]}, "properties": {"id": "w1247744668", "kind": "building", "street": "Sathy Main Road", "use": "commercial", "floors": null, "match_status": "matched", "severity": "none", "review": false, "name": null}}, {"type": "Feature", "geometry": {"type": "Point", "coordinates": [76.9776495, 11.0320966]}, "properties": {"id": "w1247744928", "kind": "building", "street": "Sathy Main Road", "use": "commercial", "floors": 2, "match_status": "matched", "severity": "none", "review": false, "name": null}}, {"type": "Feature", "geometry": {"type": "Point", "coordinates": [76.9767628, 11.0312858]}, "properties": {"id": "w1251630445", "kind": "building", "street": "Sathy Main Road", "use": null, "floors": null, "match_status": "matched", "severity": "none", "review": false, "name": null}}, {"type": "Feature", "geometry": {"type": "Point", "coordinates": [76.9754687, 11.0305708]}, "properties": {"id": "w1252504900", "kind": "building", "street": "Sathy Main Road", "use": "commercial", "floors": 2, "match_status": "matched", "severity": "none", "review": true, "name": null}}, {"type": "Feature", "geometry": {"type": "Point", "coordinates": [76.97833, 11.0356928]}, "properties": {"id": "w1236978721", "kind": "building", "street": "Sathy Main Road", "use": null, "floors": null, "match_status": "matched", "severity": "none", "review": false, "name": null}}, {"type": "Feature", "geometry": {"type": "Point", "coordinates": [76.9755475, 11.0297518]}, "properties": {"id": "w1252505525", "kind": "building", "street": "Sathy Main Road", "use": "commercial", "floors": 2, "match_status": "matched", "severity": "none", "review": false, "name": "P4 Style Care"}}, {"type": "Feature", "geometry": {"type": "Point", "coordinates": [76.9787037, 11.0340644]}, "properties": {"id": "w1247745315", "kind": "building", "street": "Sathy Main Road", "use": "commercial", "floors": null, "match_status": "matched", "severity": "none", "review": false, "name": "ATHITHYA MENAL CENTRE"}}, {"type": "Feature", "geometry": {"type": "Point", "coordinates": [76.9752589, 11.0301778]}, "properties": {"id": "w1252505516", "kind": "building", "street": "Sathy Main Road", "use": "commercial", "floors": null, "match_status": "matched", "severity": "none", "review": false, "name": "akkursi"}}, {"type": "Feature", "geometry": {"type": "Point", "coordinates": [76.9785714, 11.0331024]}, "properties": {"id": "w1247744710", "kind": "building", "street": "Sathy Main Road", "use": null, "floors": null, "match_status": "matched", "severity": "none", "review": false, "name": null}}, {"type": "Feature", "geometry": {"type": "Point", "coordinates": [76.9786114, 11.0345286]}, "properties": {"id": "w1247744787", "kind": "building", "street": "Sathy Main Road", "use": "commercial", "floors": 2, "match_status": "matched", "severity": "none", "review": false, "name": "HAGANAPATISILKS"}}, {"type": "Feature", "geometry": {"type": "Point", "coordinates": [76.975641, 11.0298602]}, "properties": {"id": "w1252504509", "kind": "building", "street": "Sathy Main Road", "use": "commercial", "floors": 3, "match_status": "matched", "severity": "none", "review": false, "name": "chris"}}, {"type": "Feature", "geometry": {"type": "Point", "coordinates": [76.9760154, 11.0306396]}, "properties": {"id": "w1252504711", "kind": "building", "street": "Sathy Main Road", "use": "commercial", "floors": 2, "match_status": "matched", "severity": "none", "review": false, "name": "OpticCity"}}, {"type": "Feature", "geometry": {"type": "Point", "coordinates": [76.9756603, 11.0299447]}, "properties": {"id": "w1252505120", "kind": "building", "street": "Sathy Main Road", "use": "commercial", "floors": 2, "match_status": "matched", "severity": "none", "review": false, "name": null}}, {"type": "Feature", "geometry": {"type": "Point", "coordinates": [76.9783988, 11.0351748]}, "properties": {"id": "w1236978442", "kind": "building", "street": "Sathy Main Road", "use": "commercial", "floors": null, "match_status": "discrepancy", "severity": "medium", "review": false, "name": "studio"}}, {"type": "Feature", "geometry": {"type": "Point", "coordinates": [76.9785224, 11.0354209]}, "properties": {"id": "w1236978682", "kind": "building", "street": "Sathy Main Road", "use": null, "floors": null, "match_status": "matched", "severity": "none", "review": false, "name": null}}, {"type": "Feature", "geometry": {"type": "Point", "coordinates": [76.9781989, 11.0328198]}, "properties": {"id": "w1247744854", "kind": "building", "street": "Sathy Main Road", "use": "commercial", "floors": 1, "match_status": "matched", "severity": "none", "review": false, "name": "fay walk"}}, {"type": "Feature", "geometry": {"type": "Point", "coordinates": [76.9783115, 11.0355294]}, "properties": {"id": "w1236978547", "kind": "building", "street": "Sathy Main Road", "use": "commercial", "floors": 2, "match_status": "matched", "severity": "none", "review": false, "name": "Sri Ramana Print Centre"}}, {"type": "Feature", "geometry": {"type": "Point", "coordinates": [76.9774861, 11.0320275]}, "properties": {"id": "w1247744764", "kind": "building", "street": "Sathy Main Road", "use": null, "floors": null, "match_status": "matched", "severity": "none", "review": false, "name": null}}, {"type": "Feature", "geometry": {"type": "Point", "coordinates": [76.9788236, 11.0339325]}, "properties": {"id": "w1247745225", "kind": "building", "street": "Sathy Main Road", "use": null, "floors": null, "match_status": "no_record", "severity": "high", "review": true, "name": null}}, {"type": "Feature", "geometry": {"type": "Point", "coordinates": [76.9768247, 11.0314095]}, "properties": {"id": "w1251630440", "kind": "building", "street": "Sathy Main Road", "use": "commercial", "floors": 1, "match_status": "matched", "severity": "none", "review": false, "name": null}}, {"type": "Feature", "geometry": {"type": "Point", "coordinates": [76.9785957, 11.0341623]}, "properties": {"id": "w1247744771", "kind": "building", "street": "Sathy Main Road", "use": null, "floors": null, "match_status": "matched", "severity": "none", "review": false, "name": null}}, {"type": "Feature", "geometry": {"type": "Point", "coordinates": [76.9784346, 11.0350601]}, "properties": {"id": "w1236978269", "kind": "building", "street": "Sathy Main Road", "use": null, "floors": null, "match_status": "matched", "severity": "none", "review": false, "name": null}}, {"type": "Feature", "geometry": {"type": "Point", "coordinates": [76.9771488, 11.0317303]}, "properties": {"id": "w1247744677", "kind": "building", "street": "Sathy Main Road", "use": "commercial", "floors": 2, "match_status": "discrepancy", "severity": "medium", "review": true, "name": "smart lock main"}}, {"type": "Feature", "geometry": {"type": "Point", "coordinates": [76.9771163, 11.0314186]}, "properties": {"id": "w1247744948", "kind": "building", "street": "Sathy Main Road", "use": null, "floors": null, "match_status": "matched", "severity": "none", "review": false, "name": null}}, {"type": "Feature", "geometry": {"type": "Point", "coordinates": [76.9758769, 11.0305313]}, "properties": {"id": "w1252504180", "kind": "building", "street": "Sathy Main Road", "use": "commercial", "floors": 2, "match_status": "matched", "severity": "none", "review": false, "name": null}}, {"type": "Feature", "geometry": {"type": "Point", "coordinates": [76.97496, 11.0295367]}, "properties": {"id": "w1252503752", "kind": "building", "street": "Sathy Main Road", "use": null, "floors": null, "match_status": "matched", "severity": "none", "review": false, "name": null}}, {"type": "Feature", "geometry": {"type": "Point", "coordinates": [76.9777853, 11.032306]}, "properties": {"id": "w1247744907", "kind": "building", "street": "Sathy Main Road", "use": "commercial", "floors": 1, "match_status": "matched", "severity": "none", "review": false, "name": null}}, {"type": "Feature", "geometry": {"type": "Point", "coordinates": [76.9756153, 11.0300493]}, "properties": {"id": "w1252504912", "kind": "building", "street": "Sathy Main Road", "use": null, "floors": null, "match_status": "discrepancy", "severity": "medium", "review": false, "name": null}}, {"type": "Feature", "geometry": {"type": "Point", "coordinates": [76.9757281, 11.029708]}, "properties": {"id": "w1252505336", "kind": "building", "street": "Sathy Main Road", "use": null, "floors": null, "match_status": "matched", "severity": "none", "review": false, "name": null}}, {"type": "Feature", "geometry": {"type": "Point", "coordinates": [76.9749853, 11.029465]}, "properties": {"id": "w1252505784", "kind": "building", "street": "Sathy Main Road", "use": null, "floors": null, "match_status": "matched", "severity": "none", "review": false, "name": null}}, {"type": "Feature", "geometry": {"type": "Point", "coordinates": [76.9757499, 11.0303669]}, "properties": {"id": "w1252505710", "kind": "building", "street": "Sathy Main Road", "use": "commercial", "floors": 1, "match_status": "matched", "severity": "none", "review": false, "name": "P.K. PRINTERS & DE"}}, {"type": "Feature", "geometry": {"type": "Point", "coordinates": [76.9756463, 11.0301701]}, "properties": {"id": "w1252503923", "kind": "building", "street": "Sathy Main Road", "use": "commercial", "floors": 2, "match_status": "no_record", "severity": "high", "review": true, "name": "hitech gears"}}, {"type": "Feature", "geometry": {"type": "Point", "coordinates": [76.9756993, 11.0302444]}, "properties": {"id": "w1252503924", "kind": "building", "street": "Sathy Main Road", "use": "commercial", "floors": 3, "match_status": "matched", "severity": "none", "review": false, "name": null}}, {"type": "Feature", "geometry": {"type": "Point", "coordinates": [76.9757572, 11.0304641]}, "properties": {"id": "w1252505552", "kind": "building", "street": "Sathy Main Road", "use": "residential", "floors": 1, "match_status": "discrepancy", "severity": "medium", "review": true, "name": null}}, {"type": "Feature", "geometry": {"type": "Point", "coordinates": [76.975815, 11.0304872]}, "properties": {"id": "w1252505243", "kind": "building", "street": "Sathy Main Road", "use": "commercial", "floors": 1, "match_status": "matched", "severity": "none", "review": false, "name": null}}, {"type": "Feature", "geometry": {"type": "Point", "coordinates": [76.9756936, 11.0303371]}, "properties": {"id": "w1252504929", "kind": "building", "street": "Sathy Main Road", "use": "commercial", "floors": 2, "match_status": "matched", "severity": "none", "review": false, "name": "sri lakshmi"}}, {"type": "Feature", "geometry": {"type": "Point", "coordinates": [76.97685, 11.0315179]}, "properties": {"id": "w1251630418", "kind": "building", "street": "Sathy Main Road", "use": "commercial", "floors": 1, "match_status": "matched", "severity": "none", "review": false, "name": null}}, {"type": "Feature", "geometry": {"type": "Point", "coordinates": [76.9784836, 11.0335852]}, "properties": {"id": "w1251626329", "kind": "building", "street": "Sathy Main Road", "use": null, "floors": null, "match_status": "no_record", "severity": "high", "review": true, "name": null}}, {"type": "Feature", "geometry": {"type": "Point", "coordinates": [76.9765991, 11.0314024]}, "properties": {"id": "asset-0000", "kind": "pole", "confidence": "low", "street": "Sathy Main Road", "uncertainty_m": 5.0, "register_status": "unconfirmed_detection"}}, {"type": "Feature", "geometry": {"type": "Point", "coordinates": [76.9821764, 11.0360238]}, "properties": {"id": "asset-0001", "kind": "pole", "confidence": "low", "street": "2nd Street, Gandhi Nagar", "uncertainty_m": 5.0, "register_status": "unconfirmed_detection"}}, {"type": "Feature", "geometry": {"type": "Point", "coordinates": [76.9800782, 11.0312673]}, "properties": {"id": "asset-0002", "kind": "streetlight", "confidence": "high", "street": "2nd Street, Ganapathy Gardens (approx.)", "uncertainty_m": 0.5, "register_status": "discrepancy"}}, {"type": "Feature", "geometry": {"type": "Point", "coordinates": [76.9718563, 11.0294983]}, "properties": {"id": "asset-0003", "kind": "streetlight", "confidence": "low", "street": "4th Street, Tatabad / Vinobaji Street", "uncertainty_m": 5.0, "register_status": "unconfirmed_detection"}}, {"type": "Feature", "geometry": {"type": "Point", "coordinates": [76.9862839, 11.0334238]}, "properties": {"id": "asset-0004", "kind": "pole", "confidence": "low", "street": "Korathottam Road", "uncertainty_m": 5.0, "register_status": "unconfirmed_detection"}}, {"type": "Feature", "geometry": {"type": "Point", "coordinates": [76.9822648, 11.0355407]}, "properties": {"id": "asset-0005", "kind": "pole", "confidence": "medium", "street": "2nd Cross Road, Gandhi Nagar (approx.)", "uncertainty_m": 5.0, "register_status": "discrepancy"}}, {"type": "Feature", "geometry": {"type": "Point", "coordinates": [76.9754665, 11.029656]}, "properties": {"id": "asset-0006", "kind": "streetlight", "confidence": "low", "street": "Sathy Main Road", "uncertainty_m": 5.0, "register_status": "unconfirmed_detection"}}, {"type": "Feature", "geometry": {"type": "Point", "coordinates": [76.9751959, 11.0296061]}, "properties": {"id": "asset-0007", "kind": "pole", "confidence": "medium", "street": "Sathy Main Road", "uncertainty_m": 2.4, "register_status": "matched"}}, {"type": "Feature", "geometry": {"type": "Point", "coordinates": [76.9800034, 11.0341072]}, "properties": {"id": "asset-0008", "kind": "pole", "confidence": "medium", "street": "Sri Ganapathy Gardens 3rd Street (approx.)", "uncertainty_m": 2.4, "register_status": "discrepancy"}}, {"type": "Feature", "geometry": {"type": "Point", "coordinates": [76.9832314, 11.0333523]}, "properties": {"id": "asset-0009", "kind": "pole", "confidence": "high", "street": "2nd Street, Ganapathy Gardens (approx.)", "uncertainty_m": 0.5, "register_status": "unrecorded_asset"}}, {"type": "Feature", "geometry": {"type": "Point", "coordinates": [76.9833883, 11.0334984]}, "properties": {"id": "asset-0010", "kind": "pole", "confidence": "high", "street": "2nd Street, Ganapathy Gardens (approx.)", "uncertainty_m": 0.5, "register_status": "matched"}}, {"type": "Feature", "geometry": {"type": "Point", "coordinates": [76.983522, 11.0362964]}, "properties": {"id": "asset-0011", "kind": "pole", "confidence": "medium", "street": "2nd Street, Gandhi Nagar", "uncertainty_m": 2.4, "register_status": "discrepancy"}}, {"type": "Feature", "geometry": {"type": "Point", "coordinates": [76.9717289, 11.0309469]}, "properties": {"id": "asset-0012", "kind": "pole", "confidence": "high", "street": "8th Street, Ganapathy", "uncertainty_m": 0.61, "register_status": "matched"}}, {"type": "Feature", "geometry": {"type": "Point", "coordinates": [76.9783049, 11.0354088]}, "properties": {"id": "asset-0013", "kind": "pole", "confidence": "medium", "street": "Sathy Main Road", "uncertainty_m": 2.4, "register_status": "unrecorded_asset"}}, {"type": "Feature", "geometry": {"type": "Point", "coordinates": [76.9821771, 11.031962]}, "properties": {"id": "asset-0014", "kind": "streetlight", "confidence": "low", "street": "2nd Street, Ganapathy Gardens (approx.)", "uncertainty_m": 2.4, "register_status": "unconfirmed_detection"}}, {"type": "Feature", "geometry": {"type": "Point", "coordinates": [76.9720086, 11.029553]}, "properties": {"id": "asset-0015", "kind": "streetlight", "confidence": "low", "street": "4th Street, Tatabad / Vinobaji Street", "uncertainty_m": 5.0, "register_status": "unconfirmed_detection"}}, {"type": "Feature", "geometry": {"type": "Point", "coordinates": [76.9771418, 11.0318819]}, "properties": {"id": "asset-0016", "kind": "pole", "confidence": "high", "street": "Sathy Main Road", "uncertainty_m": 1.11, "register_status": "unrecorded_asset"}}, {"type": "Feature", "geometry": {"type": "Point", "coordinates": [76.9810982, 11.0338756]}, "properties": {"id": "asset-0017", "kind": "pole", "confidence": "low", "street": "Sri Ganapathy Gardens 3rd Street (approx.)", "uncertainty_m": 5.0, "register_status": "unconfirmed_detection"}}, {"type": "Feature", "geometry": {"type": "Point", "coordinates": [76.9775186, 11.0322571]}, "properties": {"id": "asset-0018", "kind": "pole", "confidence": "medium", "street": "Sathy Main Road", "uncertainty_m": 5.0, "register_status": "matched"}}, {"type": "Feature", "geometry": {"type": "Point", "coordinates": [76.9803032, 11.0313476]}, "properties": {"id": "asset-0019", "kind": "pole", "confidence": "high", "street": "2nd Street, Ganapathy Gardens (approx.)", "uncertainty_m": 5.0, "register_status": "matched"}}, {"type": "Feature", "geometry": {"type": "Point", "coordinates": [76.978576, 11.0348884]}, "properties": {"id": "asset-0020", "kind": "pole", "confidence": "low", "street": "Sathy Main Road", "uncertainty_m": 2.4, "register_status": "unconfirmed_detection"}}, {"type": "Feature", "geometry": {"type": "Point", "coordinates": [76.9838301, 11.0363306]}, "properties": {"id": "asset-0021", "kind": "streetlight", "confidence": "medium", "street": "2nd Street, Gandhi Nagar", "uncertainty_m": 2.4, "register_status": "discrepancy"}}, {"type": "Feature", "geometry": {"type": "Point", "coordinates": [76.9829465, 11.0362048]}, "properties": {"id": "asset-0022", "kind": "pole", "confidence": "medium", "street": "2nd Street, Gandhi Nagar", "uncertainty_m": 2.4, "register_status": "matched"}}, {"type": "Feature", "geometry": {"type": "Point", "coordinates": [76.978319, 11.0331709]}, "properties": {"id": "asset-0023", "kind": "pole", "confidence": "low", "street": "Sathy Main Road", "uncertainty_m": 5.0, "register_status": "unconfirmed_detection"}}, {"type": "Feature", "geometry": {"type": "Point", "coordinates": [76.9777112, 11.0325355]}, "properties": {"id": "asset-0024", "kind": "pole", "confidence": "low", "street": "Sathy Main Road", "uncertainty_m": 5.0, "register_status": "unconfirmed_detection"}}, {"type": "Feature", "geometry": {"type": "Point", "coordinates": [76.9823748, 11.0319505]}, "properties": {"id": "asset-0025", "kind": "pole", "confidence": "low", "street": "2nd Street, Ganapathy Gardens (approx.)", "uncertainty_m": 2.4, "register_status": "unconfirmed_detection"}}, {"type": "Feature", "geometry": {"type": "Point", "coordinates": [76.9730908, 11.0297994]}, "properties": {"id": "asset-0026", "kind": "pole", "confidence": "low", "street": "4th Street, Tatabad / Vinobaji Street", "uncertainty_m": 2.4, "register_status": "unconfirmed_detection"}}, {"type": "Feature", "geometry": {"type": "Point", "coordinates": [76.9784573, 11.0334694]}, "properties": {"id": "asset-0027", "kind": "pole", "confidence": "low", "street": "Sathy Main Road", "uncertainty_m": 5.0, "register_status": "unconfirmed_detection"}}, {"type": "Feature", "geometry": {"type": "Point", "coordinates": [76.984256, 11.034337]}, "properties": {"id": "asset-0028", "kind": "pole", "confidence": "low", "street": "Korathottam Road", "uncertainty_m": 5.0, "register_status": "unconfirmed_detection"}}, {"type": "Feature", "geometry": {"type": "Point", "coordinates": [76.983217, 11.0332719]}, "properties": {"id": "asset-0029", "kind": "pole", "confidence": "low", "street": "2nd Street, Ganapathy Gardens (approx.)", "uncertainty_m": 5.0, "register_status": "unconfirmed_detection"}}, {"type": "Feature", "geometry": {"type": "Point", "coordinates": [76.9782557, 11.0358682]}, "properties": {"id": "asset-0030", "kind": "pole", "confidence": "low", "street": "Sakthi Main Road", "uncertainty_m": 5.0, "register_status": "unconfirmed_detection"}}, {"type": "Feature", "geometry": {"type": "Point", "coordinates": [76.9754279, 11.0298148]}, "properties": {"id": "asset-0031", "kind": "streetlight", "confidence": "low", "street": "Sathy Main Road", "uncertainty_m": 5.0, "register_status": "unconfirmed_detection"}}, {"type": "Feature", "geometry": {"type": "Point", "coordinates": [76.9755342, 11.0301712]}, "properties": {"id": "asset-0032", "kind": "streetlight", "confidence": "low", "street": "Sathy Main Road", "uncertainty_m": 5.0, "register_status": "unconfirmed_detection"}}, {"type": "Feature", "geometry": {"type": "Point", "coordinates": [76.9729167, 11.0297595]}, "properties": {"id": "asset-0033", "kind": "pole", "confidence": "low", "street": "4th Street, Tatabad / Vinobaji Street", "uncertainty_m": 5.0, "register_status": "unconfirmed_detection"}}, {"type": "Feature", "geometry": {"type": "Point", "coordinates": [76.9824272, 11.0361108]}, "properties": {"id": "asset-0034", "kind": "pole", "confidence": "low", "street": "2nd Street, Gandhi Nagar", "uncertainty_m": 5.0, "register_status": "unconfirmed_detection"}}, {"type": "Feature", "geometry": {"type": "Point", "coordinates": [76.9810194, 11.0341713]}, "properties": {"id": "asset-0035", "kind": "pole", "confidence": "low", "street": "Sri Ganapathy Gardens 3rd Street (approx.)", "uncertainty_m": 2.4, "register_status": "unconfirmed_detection"}}, {"type": "Feature", "geometry": {"type": "Point", "coordinates": [76.973545, 11.029861]}, "properties": {"id": "asset-0036", "kind": "pole", "confidence": "low", "street": "4th Street, Tatabad / Vinobaji Street", "uncertainty_m": 2.4, "register_status": "unconfirmed_detection"}}, {"type": "Feature", "geometry": {"type": "Point", "coordinates": [76.9808644, 11.0353118]}, "properties": {"id": "asset-0037", "kind": "pole", "confidence": "high", "street": "2nd Cross Road, Gandhi Nagar (approx.)", "uncertainty_m": 0.5, "register_status": "matched"}}, {"type": "Feature", "geometry": {"type": "Point", "coordinates": [76.978054, 11.0327253]}, "properties": {"id": "asset-0038", "kind": "pole", "confidence": "low", "street": "Sathy Main Road", "uncertainty_m": 5.0, "register_status": "unconfirmed_detection"}}, {"type": "Feature", "geometry": {"type": "Point", "coordinates": [76.9800751, 11.0356331]}, "properties": {"id": "asset-0039", "kind": "streetlight", "confidence": "high", "street": "2nd Street, Gandhi Nagar", "uncertainty_m": 0.5, "register_status": "matched"}}, {"type": "Feature", "geometry": {"type": "Point", "coordinates": [76.9826714, 11.0329903]}, "properties": {"id": "asset-0040", "kind": "pole", "confidence": "medium", "street": "2nd Street, Ganapathy Gardens (approx.)", "uncertainty_m": 5.0, "register_status": "matched"}}, {"type": "Feature", "geometry": {"type": "Point", "coordinates": [76.9790388, 11.0320025]}, "properties": {"id": "asset-0041", "kind": "pole", "confidence": "low", "street": "Ganapathy - Avarampalayam Road", "uncertainty_m": 5.0, "register_status": "unconfirmed_detection"}}, {"type": "Feature", "geometry": {"type": "Point", "coordinates": [76.9784856, 11.0348068]}, "properties": {"id": "asset-0042", "kind": "pole", "confidence": "low", "street": "Sathy Main Road", "uncertainty_m": 2.4, "register_status": "unconfirmed_detection"}}, {"type": "Feature", "geometry": {"type": "Point", "coordinates": [76.9796145, 11.0311255]}, "properties": {"id": "asset-0043", "kind": "pole", "confidence": "medium", "street": "2nd Street, Ganapathy Gardens (approx.)", "uncertainty_m": 5.0, "register_status": "unrecorded_asset"}}, {"type": "Feature", "geometry": {"type": "Point", "coordinates": [76.9754936, 11.0303378]}, "properties": {"id": "asset-0044", "kind": "streetlight", "confidence": "low", "street": "Sathy Main Road", "uncertainty_m": 5.0, "register_status": "unconfirmed_detection"}}, {"type": "Feature", "geometry": {"type": "Point", "coordinates": [76.9724373, 11.0311174]}, "properties": {"id": "asset-0045", "kind": "pole", "confidence": "low", "street": "8th Street, Ganapathy", "uncertainty_m": 5.0, "register_status": "unconfirmed_detection"}}, {"type": "Feature", "geometry": {"type": "Point", "coordinates": [76.980093, 11.0352034]}, "properties": {"id": "asset-0046", "kind": "pole", "confidence": "medium", "street": "2nd Cross Road, Gandhi Nagar (approx.)", "uncertainty_m": 2.4, "register_status": "matched"}}, {"type": "Feature", "geometry": {"type": "Point", "coordinates": [76.9729842, 11.0313469]}, "properties": {"id": "asset-0047", "kind": "pole", "confidence": "medium", "street": "8th Street, Ganapathy", "uncertainty_m": 5.0, "register_status": "discrepancy"}}, {"type": "Feature", "geometry": {"type": "Point", "coordinates": [76.9762357, 11.0311881]}, "properties": {"id": "asset-0048", "kind": "pole", "confidence": "low", "street": "Sathy Main Road", "uncertainty_m": 5.0, "register_status": "unconfirmed_detection"}}, {"type": "Feature", "geometry": {"type": "Point", "coordinates": [76.9755249, 11.0304827]}, "properties": {"id": "asset-0049", "kind": "streetlight", "confidence": "low", "street": "Sathy Main Road", "uncertainty_m": 2.4, "register_status": "unconfirmed_detection"}}, {"type": "Feature", "geometry": {"type": "Point", "coordinates": [76.9784623, 11.0348617]}, "properties": {"id": "asset-0050", "kind": "pole", "confidence": "low", "street": "Sathy Main Road", "uncertainty_m": 2.4, "register_status": "unconfirmed_detection"}}, {"type": "Feature", "geometry": {"type": "Point", "coordinates": [76.9767062, 11.031517]}, "properties": {"id": "asset-0051", "kind": "pole", "confidence": "low", "street": "Sathy Main Road", "uncertainty_m": 5.0, "register_status": "unconfirmed_detection"}}, {"type": "Feature", "geometry": {"type": "Point", "coordinates": [76.9804971, 11.0357291]}, "properties": {"id": "asset-0052", "kind": "streetlight", "confidence": "medium", "street": "2nd Street, Gandhi Nagar", "uncertainty_m": 2.4, "register_status": "unrecorded_asset"}}, {"type": "Feature", "geometry": {"type": "Point", "coordinates": [76.9733143, 11.0314213]}, "properties": {"id": "asset-0053", "kind": "pole", "confidence": "low", "street": "8th Street, Ganapathy", "uncertainty_m": 5.0, "register_status": "unconfirmed_detection"}}, {"type": "Feature", "geometry": {"type": "Point", "coordinates": [76.9820368, 11.0359349]}, "properties": {"id": "asset-0054", "kind": "pole", "confidence": "medium", "street": "2nd Street, Gandhi Nagar", "uncertainty_m": 2.4, "register_status": "matched"}}, {"type": "Feature", "geometry": {"type": "Point", "coordinates": [76.982088, 11.0355261]}, "properties": {"id": "asset-0055", "kind": "pole", "confidence": "medium", "street": "2nd Cross Road, Gandhi Nagar (approx.)", "uncertainty_m": 2.4, "register_status": "discrepancy"}}, {"type": "Feature", "geometry": {"type": "Point", "coordinates": [76.979845, 11.0345689]}, "properties": {"id": "asset-0056", "kind": "streetlight", "confidence": "medium", "street": "Sri Ganapathy Gardens 3rd Street (approx.)", "uncertainty_m": 2.4, "register_status": "matched"}}, {"type": "Feature", "geometry": {"type": "Point", "coordinates": [76.9790914, 11.0319774]}, "properties": {"id": "asset-0057", "kind": "pole", "confidence": "low", "street": "Ganapathy - Avarampalayam Road", "uncertainty_m": 5.0, "register_status": "unconfirmed_detection"}}, {"type": "Feature", "geometry": {"type": "Point", "coordinates": [76.9750912, 11.0316652]}, "properties": {"id": "asset-0058", "kind": "pole", "confidence": "low", "street": "8th Street, Ganapathy", "uncertainty_m": 2.4, "register_status": "unconfirmed_detection"}}, {"type": "Feature", "geometry": {"type": "Point", "coordinates": [76.9838937, 11.0363297]}, "properties": {"id": "asset-0059", "kind": "pole", "confidence": "low", "street": "2nd Street, Gandhi Nagar", "uncertainty_m": 2.4, "register_status": "unconfirmed_detection"}}, {"type": "Feature", "geometry": {"type": "Point", "coordinates": [76.9784566, 11.0341737]}, "properties": {"id": "asset-0060", "kind": "pole", "confidence": "low", "street": "Sathy Main Road", "uncertainty_m": 2.4, "register_status": "unconfirmed_detection"}}, {"type": "Feature", "geometry": {"type": "Point", "coordinates": [76.9808357, 11.0329801]}, "properties": {"id": "asset-0061", "kind": "pole", "confidence": "low", "street": "Sri Ganapathy Gardens 3rd Street (approx.)", "uncertainty_m": 5.0, "register_status": "unconfirmed_detection"}}, {"type": "Feature", "geometry": {"type": "Point", "coordinates": [76.9781532, 11.0357283]}, "properties": {"id": "asset-0062", "kind": "pole", "confidence": "low", "street": "Sakthi Main Road", "uncertainty_m": 2.4, "register_status": "unconfirmed_detection"}}, {"type": "Feature", "geometry": {"type": "Point", "coordinates": [76.981702, 11.0317663]}, "properties": {"id": "asset-0063", "kind": "streetlight", "confidence": "medium", "street": "2nd Street, Ganapathy Gardens (approx.)", "uncertainty_m": 5.0, "register_status": "matched"}}, {"type": "Feature", "geometry": {"type": "Point", "coordinates": [76.9795396, 11.0311016]}, "properties": {"id": "asset-0064", "kind": "streetlight", "confidence": "medium", "street": "2nd Street, Ganapathy Gardens (approx.)", "uncertainty_m": 2.4, "register_status": "discrepancy"}}, {"type": "Feature", "geometry": {"type": "Point", "coordinates": [76.9764046, 11.0313507]}, "properties": {"id": "asset-0065", "kind": "pole", "confidence": "low", "street": "Sathy Main Road", "uncertainty_m": 5.0, "register_status": "unconfirmed_detection"}}, {"type": "Feature", "geometry": {"type": "Point", "coordinates": [76.9806709, 11.0314399]}, "properties": {"id": "asset-0066", "kind": "streetlight", "confidence": "high", "street": "2nd Street, Ganapathy Gardens (approx.)", "uncertainty_m": 0.5, "register_status": "unrecorded_asset"}}, {"type": "Feature", "geometry": {"type": "Point", "coordinates": [76.9835792, 11.033652]}, "properties": {"id": "asset-0067", "kind": "pole", "confidence": "low", "street": "2nd Street, Ganapathy Gardens (approx.)", "uncertainty_m": 5.0, "register_status": "unconfirmed_detection"}}, {"type": "Feature", "geometry": {"type": "Point", "coordinates": [76.9839439, 11.0341966]}, "properties": {"id": "asset-0068", "kind": "pole", "confidence": "low", "street": "Korathottam Road", "uncertainty_m": 2.4, "register_status": "unconfirmed_detection"}}, {"type": "Feature", "geometry": {"type": "Point", "coordinates": [76.9863117, 11.0333807]}, "properties": {"id": "asset-0069", "kind": "pole", "confidence": "low", "street": "Korathottam Road", "uncertainty_m": 5.0, "register_status": "unconfirmed_detection"}}, {"type": "Feature", "geometry": {"type": "Point", "coordinates": [76.9812823, 11.0357924]}, "properties": {"id": "asset-0070", "kind": "pole", "confidence": "medium", "street": "2nd Street, Gandhi Nagar", "uncertainty_m": 2.4, "register_status": "discrepancy"}}, {"type": "Feature", "geometry": {"type": "Point", "coordinates": [76.9739421, 11.0315557]}, "properties": {"id": "asset-0071", "kind": "pole", "confidence": "medium", "street": "8th Street, Ganapathy", "uncertainty_m": 2.4, "register_status": "discrepancy"}}, {"type": "Feature", "geometry": {"type": "Point", "coordinates": [76.9786744, 11.0365211]}, "properties": {"id": "asset-0072", "kind": "pole", "confidence": "low", "street": "Sakthi Main Road", "uncertainty_m": 2.4, "register_status": "unconfirmed_detection"}}, {"type": "Feature", "geometry": {"type": "Point", "coordinates": [76.9717928, 11.0309871]}, "properties": {"id": "asset-0073", "kind": "pole", "confidence": "medium", "street": "8th Street, Ganapathy", "uncertainty_m": 2.4, "register_status": "matched"}}, {"type": "Feature", "geometry": {"type": "Point", "coordinates": [76.9854363, 11.0334953]}, "properties": {"id": "asset-0074", "kind": "pole", "confidence": "low", "street": "Korathottam Road", "uncertainty_m": 2.4, "register_status": "unconfirmed_detection"}}, {"type": "Feature", "geometry": {"type": "Point", "coordinates": [76.9834433, 11.0338498]}, "properties": {"id": "asset-0075", "kind": "pole", "confidence": "medium", "street": "2nd Street, Ganapathy Gardens (approx.)", "uncertainty_m": 2.4, "register_status": "matched"}}, {"type": "Feature", "geometry": {"type": "Point", "coordinates": [76.9818825, 11.0354888]}, "properties": {"id": "asset-0076", "kind": "pole", "confidence": "medium", "street": "2nd Cross Road, Gandhi Nagar (approx.)", "uncertainty_m": 2.4, "register_status": "discrepancy"}}, {"type": "Feature", "geometry": {"type": "Point", "coordinates": [76.9823035, 11.0352233]}, "properties": {"id": "asset-0077", "kind": "pole", "confidence": "medium", "street": "2nd Cross Road, Gandhi Nagar (approx.)", "uncertainty_m": 5.0, "register_status": "matched"}}, {"type": "Feature", "geometry": {"type": "Point", "coordinates": [76.9791246, 11.0322718]}, "properties": {"id": "asset-0078", "kind": "pole", "confidence": "low", "street": "Ganapathy - Avarampalayam Road", "uncertainty_m": 2.4, "register_status": "unconfirmed_detection"}}, {"type": "Feature", "geometry": {"type": "Point", "coordinates": [76.9763403, 11.0311211]}, "properties": {"id": "asset-0079", "kind": "pole", "confidence": "low", "street": "Sathy Main Road", "uncertainty_m": 2.4, "register_status": "unconfirmed_detection"}}, {"type": "Feature", "geometry": {"type": "Point", "coordinates": [76.9824148, 11.0329689]}, "properties": {"id": "asset-0080", "kind": "pole", "confidence": "low", "street": "2nd Street, Ganapathy Gardens (approx.)", "uncertainty_m": 5.0, "register_status": "unconfirmed_detection"}}, {"type": "Feature", "geometry": {"type": "Point", "coordinates": [76.9790195, 11.0331005]}, "properties": {"id": "asset-0081", "kind": "pole", "confidence": "low", "street": "Ganapathy - Avarampalayam Road", "uncertainty_m": 5.0, "register_status": "unconfirmed_detection"}}, {"type": "Feature", "geometry": {"type": "Point", "coordinates": [76.9848622, 11.03341]}, "properties": {"id": "asset-0082", "kind": "pole", "confidence": "low", "street": "Korathottam Road", "uncertainty_m": 5.0, "register_status": "unconfirmed_detection"}}, {"type": "Feature", "geometry": {"type": "Point", "coordinates": [76.9823873, 11.0320983]}, "properties": {"id": "asset-0083", "kind": "pole", "confidence": "low", "street": "2nd Street, Ganapathy Gardens (approx.)", "uncertainty_m": 2.4, "register_status": "unconfirmed_detection"}}, {"type": "Feature", "geometry": {"type": "Point", "coordinates": [76.9721133, 11.0310382]}, "properties": {"id": "asset-0084", "kind": "pole", "confidence": "low", "street": "8th Street, Ganapathy", "uncertainty_m": 2.4, "register_status": "unconfirmed_detection"}}, {"type": "Feature", "geometry": {"type": "Point", "coordinates": [76.9814128, 11.0358764]}, "properties": {"id": "asset-0085", "kind": "streetlight", "confidence": "medium", "street": "2nd Street, Gandhi Nagar", "uncertainty_m": 5.0, "register_status": "matched"}}, {"type": "Feature", "geometry": {"type": "Point", "coordinates": [76.9821664, 11.0318986]}, "properties": {"id": "asset-0086", "kind": "pole", "confidence": "low", "street": "2nd Street, Ganapathy Gardens (approx.)", "uncertainty_m": 5.0, "register_status": "unconfirmed_detection"}}, {"type": "Feature", "geometry": {"type": "Point", "coordinates": [76.9834805, 11.0336252]}, "properties": {"id": "asset-0087", "kind": "pole", "confidence": "low", "street": "2nd Street, Ganapathy Gardens (approx.)", "uncertainty_m": 5.0, "register_status": "unconfirmed_detection"}}, {"type": "Feature", "geometry": {"type": "Point", "coordinates": [76.9807576, 11.0357858]}, "properties": {"id": "asset-0088", "kind": "pole", "confidence": "low", "street": "2nd Street, Gandhi Nagar", "uncertainty_m": 2.4, "register_status": "unconfirmed_detection"}}, {"type": "Feature", "geometry": {"type": "Point", "coordinates": [76.9790942, 11.0315984]}, "properties": {"id": "asset-0089", "kind": "pole", "confidence": "low", "street": "Ganapathy - Avarampalayam Road", "uncertainty_m": 5.0, "register_status": "unconfirmed_detection"}}, {"type": "Feature", "geometry": {"type": "Point", "coordinates": [76.9820058, 11.0360029]}, "properties": {"id": "asset-0090", "kind": "streetlight", "confidence": "medium", "street": "2nd Street, Gandhi Nagar", "uncertainty_m": 2.4, "register_status": "discrepancy"}}, {"type": "Feature", "geometry": {"type": "Point", "coordinates": [76.98052, 11.0352436]}, "properties": {"id": "asset-0091", "kind": "pole", "confidence": "low", "street": "2nd Cross Road, Gandhi Nagar (approx.)", "uncertainty_m": 5.0, "register_status": "unconfirmed_detection"}}, {"type": "Feature", "geometry": {"type": "Point", "coordinates": [76.9728688, 11.0311947]}, "properties": {"id": "asset-0092", "kind": "pole", "confidence": "low", "street": "8th Street, Ganapathy", "uncertainty_m": 5.0, "register_status": "unconfirmed_detection"}}, {"type": "Feature", "geometry": {"type": "Point", "coordinates": [76.9760367, 11.0310531]}, "properties": {"id": "asset-0093", "kind": "pole", "confidence": "low", "street": "Sathy Main Road", "uncertainty_m": 5.0, "register_status": "unconfirmed_detection"}}, {"type": "Feature", "geometry": {"type": "Point", "coordinates": [76.9806701, 11.0357802]}, "properties": {"id": "asset-0094", "kind": "pole", "confidence": "medium", "street": "2nd Street, Gandhi Nagar", "uncertainty_m": 5.0, "register_status": "matched"}}, {"type": "Feature", "geometry": {"type": "Point", "coordinates": [76.9825889, 11.0340637]}, "properties": {"id": "asset-0095", "kind": "pole", "confidence": "medium", "street": "Korathottam Road", "uncertainty_m": 5.0, "register_status": "matched"}}, {"type": "Feature", "geometry": {"type": "Point", "coordinates": [76.9801369, 11.0351439]}, "properties": {"id": "asset-0096", "kind": "pole", "confidence": "low", "street": "2nd Cross Road, Gandhi Nagar (approx.)", "uncertainty_m": 2.4, "register_status": "unconfirmed_detection"}}, {"type": "Feature", "geometry": {"type": "Point", "coordinates": [76.9788658, 11.0331593]}, "properties": {"id": "asset-0097", "kind": "pole", "confidence": "low", "street": "Ganapathy - Avarampalayam Road", "uncertainty_m": 5.0, "register_status": "unconfirmed_detection"}}, {"type": "Feature", "geometry": {"type": "Point", "coordinates": [76.9814374, 11.0317482]}, "properties": {"id": "asset-0098", "kind": "pole", "confidence": "low", "street": "2nd Street, Ganapathy Gardens (approx.)", "uncertainty_m": 2.4, "register_status": "unconfirmed_detection"}}, {"type": "Feature", "geometry": {"type": "Point", "coordinates": [76.9823526, 11.0322193]}, "properties": {"id": "asset-0099", "kind": "pole", "confidence": "low", "street": "2nd Street, Ganapathy Gardens (approx.)", "uncertainty_m": 5.0, "register_status": "unconfirmed_detection"}}, {"type": "Feature", "geometry": {"type": "Point", "coordinates": [76.9726338, 11.029704]}, "properties": {"id": "asset-0100", "kind": "pole", "confidence": "low", "street": "4th Street, Tatabad / Vinobaji Street", "uncertainty_m": 2.4, "register_status": "unconfirmed_detection"}}, {"type": "Feature", "geometry": {"type": "Point", "coordinates": [76.9811419, 11.0339558]}, "properties": {"id": "asset-0101", "kind": "pole", "confidence": "low", "street": "Sri Ganapathy Gardens 3rd Street (approx.)", "uncertainty_m": 2.4, "register_status": "unconfirmed_detection"}}, {"type": "Feature", "geometry": {"type": "Point", "coordinates": [76.9827613, 11.0339247]}, "properties": {"id": "asset-0102", "kind": "pole", "confidence": "low", "street": "Korathottam Road", "uncertainty_m": 2.4, "register_status": "unconfirmed_detection"}}, {"type": "Feature", "geometry": {"type": "Point", "coordinates": [76.9743039, 11.0315831]}, "properties": {"id": "asset-0103", "kind": "pole", "confidence": "medium", "street": "8th Street, Ganapathy", "uncertainty_m": 2.4, "register_status": "discrepancy"}}, {"type": "Feature", "geometry": {"type": "Point", "coordinates": [76.9755077, 11.0305865]}, "properties": {"id": "asset-0104", "kind": "pole", "confidence": "low", "street": "Sathy Main Road", "uncertainty_m": 2.4, "register_status": "unconfirmed_detection"}}, {"type": "Feature", "geometry": {"type": "Point", "coordinates": [76.9808343, 11.0353509]}, "properties": {"id": "asset-0105", "kind": "pole", "confidence": "low", "street": "2nd Cross Road, Gandhi Nagar (approx.)", "uncertainty_m": 2.4, "register_status": "unconfirmed_detection"}}, {"type": "Feature", "geometry": {"type": "Point", "coordinates": [76.982314, 11.0325554]}, "properties": {"id": "asset-0106", "kind": "pole", "confidence": "low", "street": "2nd Street, Ganapathy Gardens (approx.)", "uncertainty_m": 5.0, "register_status": "unconfirmed_detection"}}, {"type": "Feature", "geometry": {"type": "Point", "coordinates": [76.984006, 11.0353038]}, "properties": {"id": "asset-0107", "kind": "pole", "confidence": "low", "street": "2nd Street, Gandhi Nagar", "uncertainty_m": 2.4, "register_status": "unconfirmed_detection"}}, {"type": "Feature", "geometry": {"type": "Point", "coordinates": [76.9715698, 11.031325]}, "properties": {"id": "asset-0108", "kind": "pole", "confidence": "low", "street": "8th Street, Ganapathy", "uncertainty_m": 2.4, "register_status": "unconfirmed_detection"}}, {"type": "Feature", "geometry": {"type": "Point", "coordinates": [76.9796512, 11.0350952]}, "properties": {"id": "asset-0109", "kind": "pole", "confidence": "medium", "street": "Sri Ganapathy Gardens 3rd Street (approx.)", "uncertainty_m": 2.4, "register_status": "matched"}}, {"type": "Feature", "geometry": {"type": "Point", "coordinates": [76.9725257, 11.0310884]}, "properties": {"id": "asset-0110", "kind": "pole", "confidence": "low", "street": "8th Street, Ganapathy", "uncertainty_m": 2.4, "register_status": "unconfirmed_detection"}}, {"type": "Feature", "geometry": {"type": "Point", "coordinates": [76.9743318, 11.0315108]}, "properties": {"id": "asset-0111", "kind": "pole", "confidence": "medium", "street": "8th Street, Ganapathy", "uncertainty_m": 2.4, "register_status": "unrecorded_asset"}}, {"type": "Feature", "geometry": {"type": "Point", "coordinates": [76.9730448, 11.0313351]}, "properties": {"id": "asset-0112", "kind": "pole", "confidence": "medium", "street": "8th Street, Ganapathy", "uncertainty_m": 5.0, "register_status": "matched"}}, {"type": "Feature", "geometry": {"type": "Point", "coordinates": [76.9778064, 11.0324133]}, "properties": {"id": "asset-0113", "kind": "pole", "confidence": "low", "street": "Sathy Main Road", "uncertainty_m": 5.0, "register_status": "unconfirmed_detection"}}, {"type": "Feature", "geometry": {"type": "Point", "coordinates": [76.9839211, 11.0361576]}, "properties": {"id": "asset-0114", "kind": "pole", "confidence": "low", "street": "2nd Street, Gandhi Nagar", "uncertainty_m": 5.0, "register_status": "unconfirmed_detection"}}, {"type": "Feature", "geometry": {"type": "Point", "coordinates": [76.9755886, 11.0300825]}, "properties": {"id": "asset-0115", "kind": "streetlight", "confidence": "medium", "street": "Sathy Main Road", "uncertainty_m": 5.0, "register_status": "matched"}}, {"type": "Feature", "geometry": {"type": "Point", "coordinates": [76.9824259, 11.034447]}, "properties": {"id": "asset-0116", "kind": "pole", "confidence": "medium", "street": "2nd Cross Road, Gandhi Nagar (approx.)", "uncertainty_m": 2.4, "register_status": "discrepancy"}}, {"type": "Feature", "geometry": {"type": "Point", "coordinates": [76.9770848, 11.0317755]}, "properties": {"id": "asset-0117", "kind": "pole", "confidence": "medium", "street": "Sathy Main Road", "uncertainty_m": 5.0, "register_status": "matched"}}, {"type": "Feature", "geometry": {"type": "Point", "coordinates": [76.9818305, 11.0355547]}, "properties": {"id": "asset-0118", "kind": "pole", "confidence": "medium", "street": "2nd Cross Road, Gandhi Nagar (approx.)", "uncertainty_m": 2.4, "register_status": "matched"}}, {"type": "Feature", "geometry": {"type": "Point", "coordinates": [76.9730622, 11.0297447]}, "properties": {"id": "asset-0119", "kind": "pole", "confidence": "medium", "street": "4th Street, Tatabad / Vinobaji Street", "uncertainty_m": 2.4, "register_status": "matched"}}, {"type": "Feature", "geometry": {"type": "Point", "coordinates": [76.9716702, 11.0313671]}, "properties": {"id": "asset-0120", "kind": "pole", "confidence": "medium", "street": "8th Street, Ganapathy", "uncertainty_m": 5.0, "register_status": "matched"}}, {"type": "Feature", "geometry": {"type": "Point", "coordinates": [76.9823727, 11.0321582]}, "properties": {"id": "asset-0121", "kind": "pole", "confidence": "medium", "street": "2nd Street, Ganapathy Gardens (approx.)", "uncertainty_m": 2.4, "register_status": "discrepancy"}}, {"type": "Feature", "geometry": {"type": "Point", "coordinates": [76.9815111, 11.0359238]}, "properties": {"id": "asset-0122", "kind": "streetlight", "confidence": "high", "street": "2nd Street, Gandhi Nagar", "uncertainty_m": 2.4, "register_status": "matched"}}, {"type": "Feature", "geometry": {"type": "Point", "coordinates": [76.979665, 11.0350272]}, "properties": {"id": "asset-0123", "kind": "pole", "confidence": "low", "street": "Sri Ganapathy Gardens 3rd Street (approx.)", "uncertainty_m": 2.4, "register_status": "unconfirmed_detection"}}, {"type": "Feature", "geometry": {"type": "Point", "coordinates": [76.9806612, 11.0341577]}, "properties": {"id": "asset-0124", "kind": "pole", "confidence": "high", "street": "Sri Ganapathy Gardens 3rd Street (approx.)", "uncertainty_m": 0.5, "register_status": "matched"}}, {"type": "Feature", "geometry": {"type": "Point", "coordinates": [76.9811322, 11.0340209]}, "properties": {"id": "asset-0125", "kind": "pole", "confidence": "medium", "street": "Sri Ganapathy Gardens 3rd Street (approx.)", "uncertainty_m": 2.4, "register_status": "matched"}}, {"type": "Feature", "geometry": {"type": "Point", "coordinates": [76.9825236, 11.034204]}, "properties": {"id": "asset-0126", "kind": "streetlight", "confidence": "medium", "street": "2nd Cross Road, Gandhi Nagar (approx.)", "uncertainty_m": 5.0, "register_status": "matched"}}, {"type": "Feature", "geometry": {"type": "Point", "coordinates": [76.9802728, 11.0356001]}, "properties": {"id": "asset-0127", "kind": "pole", "confidence": "low", "street": "2nd Street, Gandhi Nagar", "uncertainty_m": 5.0, "register_status": "unconfirmed_detection"}}, {"type": "Feature", "geometry": {"type": "Point", "coordinates": [76.9851715, 11.0334152]}, "properties": {"id": "asset-0128", "kind": "streetlight", "confidence": "low", "street": "Korathottam Road", "uncertainty_m": 2.4, "register_status": "unconfirmed_detection"}}, {"type": "Feature", "geometry": {"type": "Point", "coordinates": [76.9791573, 11.0320125]}, "properties": {"id": "asset-0129", "kind": "pole", "confidence": "low", "street": "Ganapathy - Avarampalayam Road", "uncertainty_m": 5.0, "register_status": "unconfirmed_detection"}}, {"type": "Feature", "geometry": {"type": "Point", "coordinates": [76.9804269, 11.0341387]}, "properties": {"id": "asset-0130", "kind": "pole", "confidence": "low", "street": "Sri Ganapathy Gardens 3rd Street (approx.)", "uncertainty_m": 5.0, "register_status": "unconfirmed_detection"}}, {"type": "Feature", "geometry": {"type": "Point", "coordinates": [76.9782264, 11.0329571]}, "properties": {"id": "asset-0131", "kind": "pole", "confidence": "low", "street": "Sathy Main Road", "uncertainty_m": 5.0, "register_status": "unconfirmed_detection"}}, {"type": "Feature", "geometry": {"type": "Point", "coordinates": [76.9787019, 11.0336131]}, "properties": {"id": "asset-0132", "kind": "pole", "confidence": "medium", "street": "Ganapathy - Avarampalayam Road", "uncertainty_m": 2.4, "register_status": "matched"}}, {"type": "Feature", "geometry": {"type": "Point", "coordinates": [76.9731607, 11.0297806]}, "properties": {"id": "asset-0133", "kind": "pole", "confidence": "low", "street": "4th Street, Tatabad / Vinobaji Street", "uncertainty_m": 2.4, "register_status": "unconfirmed_detection"}}, {"type": "Feature", "geometry": {"type": "Point", "coordinates": [76.9753318, 11.0299614]}, "properties": {"id": "asset-0134", "kind": "pole", "confidence": "medium", "street": "Sathy Main Road", "uncertainty_m": 2.4, "register_status": "matched"}}, {"type": "Feature", "geometry": {"type": "Point", "coordinates": [76.9724235, 11.0295913]}, "properties": {"id": "asset-0135", "kind": "pole", "confidence": "low", "street": "4th Street, Tatabad / Vinobaji Street", "uncertainty_m": 5.0, "register_status": "unconfirmed_detection"}}, {"type": "Feature", "geometry": {"type": "Point", "coordinates": [76.9782359, 11.0361406]}, "properties": {"id": "asset-0136", "kind": "pole", "confidence": "low", "street": "Sakthi Main Road", "uncertainty_m": 5.0, "register_status": "unconfirmed_detection"}}, {"type": "Feature", "geometry": {"type": "Point", "coordinates": [76.9845081, 11.0338833]}, "properties": {"id": "asset-0137", "kind": "streetlight", "confidence": "low", "street": "Korathottam Road", "uncertainty_m": 5.0, "register_status": "unconfirmed_detection"}}, {"type": "Feature", "geometry": {"type": "Point", "coordinates": [76.9805823, 11.0329309]}, "properties": {"id": "asset-0138", "kind": "pole", "confidence": "low", "street": "Sri Ganapathy Gardens 3rd Street (approx.)", "uncertainty_m": 2.4, "register_status": "unconfirmed_detection"}}, {"type": "Feature", "geometry": {"type": "Point", "coordinates": [76.9823894, 11.0350326]}, "properties": {"id": "asset-0139", "kind": "pole", "confidence": "medium", "street": "2nd Cross Road, Gandhi Nagar (approx.)", "uncertainty_m": 2.4, "register_status": "matched"}}, {"type": "Feature", "geometry": {"type": "Point", "coordinates": [76.9806323, 11.0352585]}, "properties": {"id": "asset-0140", "kind": "pole", "confidence": "medium", "street": "2nd Cross Road, Gandhi Nagar (approx.)", "uncertainty_m": 2.4, "register_status": "matched"}}, {"type": "Feature", "geometry": {"type": "Point", "coordinates": [76.9784092, 11.0350124]}, "properties": {"id": "asset-0141", "kind": "pole", "confidence": "low", "street": "Sathy Main Road", "uncertainty_m": 2.4, "register_status": "unconfirmed_detection"}}, {"type": "Feature", "geometry": {"type": "Point", "coordinates": [76.9815288, 11.0317201]}, "properties": {"id": "asset-0142", "kind": "pole", "confidence": "high", "street": "2nd Street, Ganapathy Gardens (approx.)", "uncertainty_m": 0.5, "register_status": "unrecorded_asset"}}, {"type": "Feature", "geometry": {"type": "Point", "coordinates": [76.9800782, 11.0355647]}, "properties": {"id": "asset-0143", "kind": "streetlight", "confidence": "high", "street": "2nd Street, Gandhi Nagar", "uncertainty_m": 0.5, "register_status": "matched"}}, {"type": "Feature", "geometry": {"type": "Point", "coordinates": [76.9798443, 11.0341463]}, "properties": {"id": "asset-0144", "kind": "pole", "confidence": "low", "street": "Sri Ganapathy Gardens 3rd Street (approx.)", "uncertainty_m": 2.4, "register_status": "unconfirmed_detection"}}, {"type": "Feature", "geometry": {"type": "Point", "coordinates": [76.9823094, 11.035384]}, "properties": {"id": "asset-0145", "kind": "pole", "confidence": "medium", "street": "2nd Cross Road, Gandhi Nagar (approx.)", "uncertainty_m": 2.4, "register_status": "matched"}}, {"type": "Feature", "geometry": {"type": "Point", "coordinates": [76.9783256, 11.0352578]}, "properties": {"id": "asset-0146", "kind": "pole", "confidence": "low", "street": "Sathy Main Road", "uncertainty_m": 2.4, "register_status": "unconfirmed_detection"}}, {"type": "Feature", "geometry": {"type": "Point", "coordinates": [76.9822674, 11.0328837]}, "properties": {"id": "asset-0147", "kind": "pole", "confidence": "medium", "street": "2nd Street, Ganapathy Gardens (approx.)", "uncertainty_m": 2.4, "register_status": "matched"}}, {"type": "Feature", "geometry": {"type": "Point", "coordinates": [76.9834883, 11.0341303]}, "properties": {"id": "asset-0148", "kind": "pole", "confidence": "low", "street": "Korathottam Road", "uncertainty_m": 2.4, "register_status": "unconfirmed_detection"}}, {"type": "Feature", "geometry": {"type": "Point", "coordinates": [76.97203, 11.0309661]}, "properties": {"id": "asset-0149", "kind": "pole", "confidence": "low", "street": "8th Street, Ganapathy", "uncertainty_m": 2.4, "register_status": "unconfirmed_detection"}}, {"type": "Feature", "geometry": {"type": "Point", "coordinates": [76.9824494, 11.0360284]}, "properties": {"id": "asset-0150", "kind": "pole", "confidence": "low", "street": "2nd Street, Gandhi Nagar", "uncertainty_m": 5.0, "register_status": "unconfirmed_detection"}}, {"type": "Feature", "geometry": {"type": "Point", "coordinates": [76.9785501, 11.0337901]}, "properties": {"id": "asset-0151", "kind": "pole", "confidence": "low", "street": "Sathy Main Road", "uncertainty_m": 2.4, "register_status": "unconfirmed_detection"}}, {"type": "Feature", "geometry": {"type": "Point", "coordinates": [76.9824963, 11.0343627]}, "properties": {"id": "asset-0152", "kind": "pole", "confidence": "medium", "street": "2nd Cross Road, Gandhi Nagar (approx.)", "uncertainty_m": 2.4, "register_status": "matched"}}, {"type": "Feature", "geometry": {"type": "Point", "coordinates": [76.9725102, 11.0311443]}, "properties": {"id": "asset-0153", "kind": "pole", "confidence": "medium", "street": "8th Street, Ganapathy", "uncertainty_m": 2.4, "register_status": "discrepancy"}}, {"type": "Feature", "geometry": {"type": "Point", "coordinates": [76.9757837, 11.0305678]}, "properties": {"id": "asset-0154", "kind": "pole", "confidence": "low", "street": "Sathy Main Road", "uncertainty_m": 2.4, "register_status": "unconfirmed_detection"}}, {"type": "Feature", "geometry": {"type": "Point", "coordinates": [76.9753351, 11.0298009]}, "properties": {"id": "asset-0155", "kind": "streetlight", "confidence": "low", "street": "Sathy Main Road", "uncertainty_m": 2.4, "register_status": "unconfirmed_detection"}}, {"type": "Feature", "geometry": {"type": "Point", "coordinates": [76.9824548, 11.0346037]}, "properties": {"id": "asset-0156", "kind": "pole", "confidence": "high", "street": "2nd Cross Road, Gandhi Nagar (approx.)", "uncertainty_m": 5.0, "register_status": "matched"}}, {"type": "Feature", "geometry": {"type": "Point", "coordinates": [76.9782602, 11.035644]}, "properties": {"id": "asset-0157", "kind": "pole", "confidence": "low", "street": "Sathy Main Road", "uncertainty_m": 5.0, "register_status": "unconfirmed_detection"}}, {"type": "Feature", "geometry": {"type": "Point", "coordinates": [76.9753712, 11.0299982]}, "properties": {"id": "asset-0158", "kind": "pole", "confidence": "low", "street": "Sathy Main Road", "uncertainty_m": 5.0, "register_status": "unconfirmed_detection"}}, {"type": "Feature", "geometry": {"type": "Point", "coordinates": [76.9804454, 11.0357107]}, "properties": {"id": "asset-0159", "kind": "pole", "confidence": "low", "street": "2nd Street, Gandhi Nagar", "uncertainty_m": 5.0, "register_status": "unconfirmed_detection"}}, {"type": "Feature", "geometry": {"type": "Point", "coordinates": [76.9721593, 11.0295266]}, "properties": {"id": "asset-0160", "kind": "pole", "confidence": "low", "street": "4th Street, Tatabad / Vinobaji Street", "uncertainty_m": 2.4, "register_status": "unconfirmed_detection"}}, {"type": "Feature", "geometry": {"type": "Point", "coordinates": [76.9783103, 11.0353452]}, "properties": {"id": "asset-0161", "kind": "pole", "confidence": "low", "street": "Sathy Main Road", "uncertainty_m": 5.0, "register_status": "unconfirmed_detection"}}, {"type": "Feature", "geometry": {"type": "Point", "coordinates": [76.9791037, 11.0326228]}, "properties": {"id": "asset-0162", "kind": "pole", "confidence": "medium", "street": "Ganapathy - Avarampalayam Road", "uncertainty_m": 2.4, "register_status": "matched"}}, {"type": "Feature", "geometry": {"type": "Point", "coordinates": [76.9785699, 11.034834]}, "properties": {"id": "asset-0163", "kind": "pole", "confidence": "low", "street": "Sathy Main Road", "uncertainty_m": 2.4, "register_status": "unconfirmed_detection"}}, {"type": "Feature", "geometry": {"type": "Point", "coordinates": [76.980308, 11.0341949]}, "properties": {"id": "asset-0164", "kind": "pole", "confidence": "low", "street": "Sri Ganapathy Gardens 3rd Street (approx.)", "uncertainty_m": 2.4, "register_status": "unconfirmed_detection"}}, {"type": "Feature", "geometry": {"type": "Point", "coordinates": [76.9783073, 11.0334263]}, "properties": {"id": "asset-0165", "kind": "pole", "confidence": "medium", "street": "Sathy Main Road", "uncertainty_m": 5.0, "register_status": "unrecorded_asset"}}, {"type": "Feature", "geometry": {"type": "Point", "coordinates": [76.9824507, 11.0346693]}, "properties": {"id": "asset-0166", "kind": "pole", "confidence": "medium", "street": "2nd Cross Road, Gandhi Nagar (approx.)", "uncertainty_m": 2.4, "register_status": "matched"}}, {"type": "Feature", "geometry": {"type": "Point", "coordinates": [76.9821173, 11.0318958]}, "properties": {"id": "asset-0167", "kind": "pole", "confidence": "low", "street": "2nd Street, Ganapathy Gardens (approx.)", "uncertainty_m": 5.0, "register_status": "unconfirmed_detection"}}, {"type": "Feature", "geometry": {"type": "Point", "coordinates": [76.9838636, 11.0341688]}, "properties": {"id": "asset-0168", "kind": "pole", "confidence": "low", "street": "Korathottam Road", "uncertainty_m": 2.4, "register_status": "unconfirmed_detection"}}, {"type": "Feature", "geometry": {"type": "Point", "coordinates": [76.9753805, 11.0297898]}, "properties": {"id": "asset-0169", "kind": "streetlight", "confidence": "low", "street": "Sathy Main Road", "uncertainty_m": 5.0, "register_status": "discrepancy"}}, {"type": "Feature", "geometry": {"type": "Point", "coordinates": [76.9717397, 11.0308945]}, "properties": {"id": "asset-0170", "kind": "pole", "confidence": "medium", "street": "8th Street, Ganapathy", "uncertainty_m": 2.4, "register_status": "discrepancy"}}, {"type": "Feature", "geometry": {"type": "Point", "coordinates": [76.9797683, 11.0345759]}, "properties": {"id": "asset-0171", "kind": "pole", "confidence": "medium", "street": "Sri Ganapathy Gardens 3rd Street (approx.)", "uncertainty_m": 2.4, "register_status": "matched"}}, {"type": "Feature", "geometry": {"type": "Point", "coordinates": [76.9803943, 11.0352598]}, "properties": {"id": "asset-0172", "kind": "pole", "confidence": "low", "street": "2nd Cross Road, Gandhi Nagar (approx.)", "uncertainty_m": 5.0, "register_status": "unconfirmed_detection"}}, {"type": "Feature", "geometry": {"type": "Point", "coordinates": [76.9824702, 11.0329912]}, "properties": {"id": "asset-0173", "kind": "pole", "confidence": "low", "street": "2nd Street, Ganapathy Gardens (approx.)", "uncertainty_m": 5.0, "register_status": "unconfirmed_detection"}}, {"type": "Feature", "geometry": {"type": "Point", "coordinates": [76.9793967, 11.0311603]}, "properties": {"id": "asset-0174", "kind": "streetlight", "confidence": "medium", "street": "Ganapathy - Avarampalayam Road", "uncertainty_m": 5.0, "register_status": "unrecorded_asset"}}, {"type": "Feature", "geometry": {"type": "Point", "coordinates": [76.9822555, 11.0353174]}, "properties": {"id": "asset-0175", "kind": "pole", "confidence": "low", "street": "2nd Cross Road, Gandhi Nagar (approx.)", "uncertainty_m": 2.4, "register_status": "unconfirmed_detection"}}, {"type": "Feature", "geometry": {"type": "Point", "coordinates": [76.9812143, 11.0336264]}, "properties": {"id": "asset-0176", "kind": "pole", "confidence": "low", "street": "Sri Ganapathy Gardens 3rd Street (approx.)", "uncertainty_m": 2.4, "register_status": "unconfirmed_detection"}}, {"type": "Feature", "geometry": {"type": "Point", "coordinates": [76.9809439, 11.0353076]}, "properties": {"id": "asset-0177", "kind": "pole", "confidence": "low", "street": "2nd Cross Road, Gandhi Nagar (approx.)", "uncertainty_m": 2.4, "register_status": "unconfirmed_detection"}}, {"type": "Feature", "geometry": {"type": "Point", "coordinates": [76.9784786, 11.0339583]}, "properties": {"id": "asset-0178", "kind": "pole", "confidence": "low", "street": "Sathy Main Road", "uncertainty_m": 2.4, "register_status": "unconfirmed_detection"}}, {"type": "Feature", "geometry": {"type": "Point", "coordinates": [76.9785408, 11.0345155]}, "properties": {"id": "asset-0179", "kind": "pole", "confidence": "medium", "street": "Sathy Main Road", "uncertainty_m": 2.4, "register_status": "matched"}}, {"type": "Feature", "geometry": {"type": "Point", "coordinates": [76.9753303, 11.0301658]}, "properties": {"id": "asset-0180", "kind": "pole", "confidence": "medium", "street": "Sathy Main Road", "uncertainty_m": 5.0, "register_status": "unrecorded_asset"}}, {"type": "Feature", "geometry": {"type": "Point", "coordinates": [76.9805777, 11.0356099]}, "properties": {"id": "asset-0181", "kind": "pole", "confidence": "medium", "street": "2nd Street, Gandhi Nagar", "uncertainty_m": 5.0, "register_status": "matched"}}, {"type": "Feature", "geometry": {"type": "Point", "coordinates": [76.9733021, 11.0313317]}, "properties": {"id": "asset-0182", "kind": "pole", "confidence": "low", "street": "8th Street, Ganapathy", "uncertainty_m": 5.0, "register_status": "unconfirmed_detection"}}, {"type": "Feature", "geometry": {"type": "Point", "coordinates": [76.9757267, 11.0303353]}, "properties": {"id": "asset-0183", "kind": "pole", "confidence": "low", "street": "Sathy Main Road", "uncertainty_m": 5.0, "register_status": "unconfirmed_detection"}}, {"type": "Feature", "geometry": {"type": "Point", "coordinates": [76.9835313, 11.0340607]}, "properties": {"id": "asset-0184", "kind": "pole", "confidence": "low", "street": "Korathottam Road", "uncertainty_m": 5.0, "register_status": "unconfirmed_detection"}}, {"type": "Feature", "geometry": {"type": "Point", "coordinates": [76.9790853, 11.0327893]}, "properties": {"id": "asset-0185", "kind": "pole", "confidence": "low", "street": "Ganapathy - Avarampalayam Road", "uncertainty_m": 2.4, "register_status": "unconfirmed_detection"}}, {"type": "Feature", "geometry": {"type": "Point", "coordinates": [76.982587, 11.0330246]}, "properties": {"id": "asset-0186", "kind": "pole", "confidence": "low", "street": "2nd Street, Ganapathy Gardens (approx.)", "uncertainty_m": 2.4, "register_status": "unconfirmed_detection"}}, {"type": "Feature", "geometry": {"type": "Point", "coordinates": [76.9809548, 11.0357474]}, "properties": {"id": "asset-0187", "kind": "pole", "confidence": "medium", "street": "2nd Street, Gandhi Nagar", "uncertainty_m": 2.4, "register_status": "matched"}}, {"type": "Feature", "geometry": {"type": "Point", "coordinates": [76.9802149, 11.0356562]}, "properties": {"id": "asset-0188", "kind": "pole", "confidence": "low", "street": "2nd Street, Gandhi Nagar", "uncertainty_m": 2.4, "register_status": "unconfirmed_detection"}}, {"type": "Feature", "geometry": {"type": "Point", "coordinates": [76.9807867, 11.031532]}, "properties": {"id": "asset-0189", "kind": "pole", "confidence": "low", "street": "2nd Street, Ganapathy Gardens (approx.)", "uncertainty_m": 2.4, "register_status": "unconfirmed_detection"}}, {"type": "Feature", "geometry": {"type": "Point", "coordinates": [76.9824666, 11.0341299]}, "properties": {"id": "asset-0190", "kind": "pole", "confidence": "low", "street": "2nd Cross Road, Gandhi Nagar (approx.)", "uncertainty_m": 2.4, "register_status": "unconfirmed_detection"}}, {"type": "Feature", "geometry": {"type": "Point", "coordinates": [76.9844699, 11.0338232]}, "properties": {"id": "asset-0191", "kind": "pole", "confidence": "low", "street": "Korathottam Road", "uncertainty_m": 5.0, "register_status": "unconfirmed_detection"}}, {"type": "Feature", "geometry": {"type": "Point", "coordinates": [76.9825072, 11.03448]}, "properties": {"id": "asset-0192", "kind": "pole", "confidence": "low", "street": "2nd Cross Road, Gandhi Nagar (approx.)", "uncertainty_m": 2.4, "register_status": "unconfirmed_detection"}}, {"type": "Feature", "geometry": {"type": "Point", "coordinates": [76.9726375, 11.0296373]}, "properties": {"id": "asset-0193", "kind": "pole", "confidence": "low", "street": "4th Street, Tatabad / Vinobaji Street", "uncertainty_m": 2.4, "register_status": "unconfirmed_detection"}}, {"type": "Feature", "geometry": {"type": "Point", "coordinates": [76.9761716, 11.0311563]}, "properties": {"id": "asset-0194", "kind": "pole", "confidence": "low", "street": "Sathy Main Road", "uncertainty_m": 5.0, "register_status": "unconfirmed_detection"}}, {"type": "Feature", "geometry": {"type": "Point", "coordinates": [76.9847888, 11.0334158]}, "properties": {"id": "asset-0195", "kind": "pole", "confidence": "medium", "street": "Korathottam Road", "uncertainty_m": 2.4, "register_status": "matched"}}, {"type": "Feature", "geometry": {"type": "Point", "coordinates": [76.9823277, 11.0350016]}, "properties": {"id": "asset-0196", "kind": "pole", "confidence": "low", "street": "2nd Cross Road, Gandhi Nagar (approx.)", "uncertainty_m": 2.4, "register_status": "unconfirmed_detection"}}, {"type": "Feature", "geometry": {"type": "Point", "coordinates": [76.9755333, 11.029935]}, "properties": {"id": "asset-0197", "kind": "pole", "confidence": "low", "street": "Sathy Main Road", "uncertainty_m": 5.0, "register_status": "unconfirmed_detection"}}, {"type": "Feature", "geometry": {"type": "Point", "coordinates": [76.9820954, 11.0360358]}, "properties": {"id": "asset-0198", "kind": "streetlight", "confidence": "low", "street": "2nd Street, Gandhi Nagar", "uncertainty_m": 5.0, "register_status": "unconfirmed_detection"}}, {"type": "Feature", "geometry": {"type": "Point", "coordinates": [76.9829963, 11.0339671]}, "properties": {"id": "asset-0199", "kind": "pole", "confidence": "low", "street": "Korathottam Road", "uncertainty_m": 2.4, "register_status": "unconfirmed_detection"}}, {"type": "Feature", "geometry": {"type": "Point", "coordinates": [76.9823763, 11.0352355]}, "properties": {"id": "asset-0200", "kind": "pole", "confidence": "low", "street": "2nd Cross Road, Gandhi Nagar (approx.)", "uncertainty_m": 2.4, "register_status": "unconfirmed_detection"}}, {"type": "Feature", "geometry": {"type": "Point", "coordinates": [76.980897, 11.0357124]}, "properties": {"id": "asset-0201", "kind": "pole", "confidence": "low", "street": "2nd Street, Gandhi Nagar", "uncertainty_m": 5.0, "register_status": "unconfirmed_detection"}}, {"type": "Feature", "geometry": {"type": "Point", "coordinates": [76.9817003, 11.0359586]}, "properties": {"id": "asset-0202", "kind": "pole", "confidence": "low", "street": "2nd Street, Gandhi Nagar", "uncertainty_m": 5.0, "register_status": "unconfirmed_detection"}}, {"type": "Feature", "geometry": {"type": "Point", "coordinates": [76.9729728, 11.0312998]}, "properties": {"id": "asset-0203", "kind": "pole", "confidence": "medium", "street": "8th Street, Ganapathy", "uncertainty_m": 2.4, "register_status": "matched"}}, {"type": "Feature", "geometry": {"type": "Point", "coordinates": [76.9803054, 11.0352561]}, "properties": {"id": "asset-0204", "kind": "pole", "confidence": "low", "street": "2nd Cross Road, Gandhi Nagar (approx.)", "uncertainty_m": 2.4, "register_status": "unconfirmed_detection"}}, {"type": "Feature", "geometry": {"type": "Point", "coordinates": [76.9765588, 11.0314826]}, "properties": {"id": "asset-0205", "kind": "pole", "confidence": "low", "street": "Sathy Main Road", "uncertainty_m": 5.0, "register_status": "unconfirmed_detection"}}, {"type": "Feature", "geometry": {"type": "Point", "coordinates": [76.975699, 11.030412]}, "properties": {"id": "asset-0206", "kind": "streetlight", "confidence": "medium", "street": "Sathy Main Road", "uncertainty_m": 5.0, "register_status": "matched"}}, {"type": "Feature", "geometry": {"type": "Point", "coordinates": [76.9827368, 11.0340254]}, "properties": {"id": "asset-0207", "kind": "streetlight", "confidence": "medium", "street": "Korathottam Road", "uncertainty_m": 2.4, "register_status": "discrepancy"}}, {"type": "Feature", "geometry": {"type": "Point", "coordinates": [76.9751727, 11.0296624]}, "properties": {"id": "asset-0208", "kind": "pole", "confidence": "low", "street": "Sathy Main Road", "uncertainty_m": 5.0, "register_status": "unconfirmed_detection"}}, {"type": "Feature", "geometry": {"type": "Point", "coordinates": [76.9789608, 11.03321]}, "properties": {"id": "asset-0209", "kind": "pole", "confidence": "low", "street": "Ganapathy - Avarampalayam Road", "uncertainty_m": 5.0, "register_status": "unconfirmed_detection"}}, {"type": "Feature", "geometry": {"type": "Point", "coordinates": [76.9820136, 11.0355223]}, "properties": {"id": "asset-0210", "kind": "pole", "confidence": "low", "street": "2nd Cross Road, Gandhi Nagar (approx.)", "uncertainty_m": 2.4, "register_status": "unconfirmed_detection"}}, {"type": "Feature", "geometry": {"type": "Point", "coordinates": [76.9832686, 11.0332011]}, "properties": {"id": "asset-0211", "kind": "pole", "confidence": "medium", "street": "2nd Street, Ganapathy Gardens (approx.)", "uncertainty_m": 2.4, "register_status": "matched"}}, {"type": "Feature", "geometry": {"type": "Point", "coordinates": [76.9801544, 11.0352387]}, "properties": {"id": "asset-0212", "kind": "pole", "confidence": "low", "street": "2nd Cross Road, Gandhi Nagar (approx.)", "uncertainty_m": 2.4, "register_status": "unconfirmed_detection"}}, {"type": "Feature", "geometry": {"type": "Point", "coordinates": [76.9813239, 11.0331612]}, "properties": {"id": "asset-0213", "kind": "pole", "confidence": "low", "street": "Sri Ganapathy Gardens 3rd Street (approx.)", "uncertainty_m": 5.0, "register_status": "unconfirmed_detection"}}, {"type": "Feature", "geometry": {"type": "Point", "coordinates": [76.9850763, 11.0333957]}, "properties": {"id": "asset-0214", "kind": "pole", "confidence": "low", "street": "Korathottam Road", "uncertainty_m": 2.4, "register_status": "unconfirmed_detection"}}, {"type": "Feature", "geometry": {"type": "Point", "coordinates": [76.9782751, 11.0355011]}, "properties": {"id": "asset-0215", "kind": "pole", "confidence": "high", "street": "Sathy Main Road", "uncertainty_m": 5.0, "register_status": "discrepancy"}}, {"type": "Feature", "geometry": {"type": "Point", "coordinates": [76.982189, 11.0355546]}, "properties": {"id": "asset-0216", "kind": "pole", "confidence": "low", "street": "2nd Cross Road, Gandhi Nagar (approx.)", "uncertainty_m": 5.0, "register_status": "unconfirmed_detection"}}, {"type": "Feature", "geometry": {"type": "Point", "coordinates": [76.9722055, 11.0294926]}, "properties": {"id": "asset-0217", "kind": "pole", "confidence": "low", "street": "4th Street, Tatabad / Vinobaji Street", "uncertainty_m": 5.0, "register_status": "unconfirmed_detection"}}, {"type": "Feature", "geometry": {"type": "Point", "coordinates": [76.981223, 11.0354213]}, "properties": {"id": "asset-0218", "kind": "pole", "confidence": "low", "street": "2nd Cross Road, Gandhi Nagar (approx.)", "uncertainty_m": 5.0, "register_status": "unconfirmed_detection"}}, {"type": "Feature", "geometry": {"type": "Point", "coordinates": [76.98371, 11.0362591]}, "properties": {"id": "asset-0219", "kind": "pole", "confidence": "medium", "street": "2nd Street, Gandhi Nagar", "uncertainty_m": 2.4, "register_status": "matched"}}, {"type": "Feature", "geometry": {"type": "Point", "coordinates": [76.9806687, 11.0356773]}, "properties": {"id": "asset-0220", "kind": "pole", "confidence": "low", "street": "2nd Street, Gandhi Nagar", "uncertainty_m": 5.0, "register_status": "matched"}}, {"type": "Feature", "geometry": {"type": "Point", "coordinates": [76.9781938, 11.0332488]}, "properties": {"id": "asset-0221", "kind": "pole", "confidence": "low", "street": "Sathy Main Road", "uncertainty_m": 5.0, "register_status": "unconfirmed_detection"}}, {"type": "Feature", "geometry": {"type": "Point", "coordinates": [76.978371, 11.0361061]}, "properties": {"id": "asset-0222", "kind": "pole", "confidence": "low", "street": "Sakthi Main Road", "uncertainty_m": 2.4, "register_status": "unconfirmed_detection"}}, {"type": "Feature", "geometry": {"type": "Point", "coordinates": [76.9806919, 11.031518]}, "properties": {"id": "asset-0223", "kind": "streetlight", "confidence": "low", "street": "2nd Street, Ganapathy Gardens (approx.)", "uncertainty_m": 2.4, "register_status": "unconfirmed_detection"}}, {"type": "Feature", "geometry": {"type": "Point", "coordinates": [76.9810563, 11.0358431]}, "properties": {"id": "asset-0224", "kind": "pole", "confidence": "low", "street": "2nd Street, Gandhi Nagar", "uncertainty_m": 5.0, "register_status": "unconfirmed_detection"}}, {"type": "Feature", "geometry": {"type": "Point", "coordinates": [76.9823276, 11.0348637]}, "properties": {"id": "asset-0225", "kind": "pole", "confidence": "low", "street": "2nd Cross Road, Gandhi Nagar (approx.)", "uncertainty_m": 5.0, "register_status": "unconfirmed_detection"}}, {"type": "Feature", "geometry": {"type": "Point", "coordinates": [76.9793843, 11.031243]}, "properties": {"id": "asset-0226", "kind": "pole", "confidence": "medium", "street": "Ganapathy - Avarampalayam Road", "uncertainty_m": 2.4, "register_status": "matched"}}, {"type": "Feature", "geometry": {"type": "Point", "coordinates": [76.9818196, 11.0319058]}, "properties": {"id": "asset-0227", "kind": "pole", "confidence": "low", "street": "2nd Street, Ganapathy Gardens (approx.)", "uncertainty_m": 2.4, "register_status": "unconfirmed_detection"}}, {"type": "Feature", "geometry": {"type": "Point", "coordinates": [76.9754827, 11.0301554]}, "properties": {"id": "asset-0228", "kind": "streetlight", "confidence": "low", "street": "Sathy Main Road", "uncertainty_m": 2.4, "register_status": "unconfirmed_detection"}}, {"type": "Feature", "geometry": {"type": "Point", "coordinates": [76.9756458, 11.0302959]}, "properties": {"id": "asset-0229", "kind": "pole", "confidence": "low", "street": "Sathy Main Road", "uncertainty_m": 5.0, "register_status": "unconfirmed_detection"}}, {"type": "Feature", "geometry": {"type": "Point", "coordinates": [76.9823679, 11.0347549]}, "properties": {"id": "asset-0230", "kind": "pole", "confidence": "low", "street": "2nd Cross Road, Gandhi Nagar (approx.)", "uncertainty_m": 5.0, "register_status": "unconfirmed_detection"}}, {"type": "Feature", "geometry": {"type": "Point", "coordinates": [76.9784063, 11.0360723]}, "properties": {"id": "asset-0231", "kind": "pole", "confidence": "low", "street": "Sakthi Main Road", "uncertainty_m": 5.0, "register_status": "unconfirmed_detection"}}, {"type": "Feature", "geometry": {"type": "Point", "coordinates": [76.9756444, 11.0303965]}, "properties": {"id": "asset-0232", "kind": "pole", "confidence": "low", "street": "Sathy Main Road", "uncertainty_m": 2.4, "register_status": "unconfirmed_detection"}}, {"type": "Feature", "geometry": {"type": "Point", "coordinates": [76.9822038, 11.0354964]}, "properties": {"id": "asset-0233", "kind": "pole", "confidence": "low", "street": "2nd Cross Road, Gandhi Nagar (approx.)", "uncertainty_m": 5.0, "register_status": "unconfirmed_detection"}}, {"type": "Feature", "geometry": {"type": "Point", "coordinates": [76.9781583, 11.0357909]}, "properties": {"id": "asset-0234", "kind": "pole", "confidence": "low", "street": "Sakthi Main Road", "uncertainty_m": 2.4, "register_status": "unconfirmed_detection"}}, {"type": "Feature", "geometry": {"type": "Point", "coordinates": [76.9852219, 11.0334075]}, "properties": {"id": "asset-0235", "kind": "streetlight", "confidence": "low", "street": "Korathottam Road", "uncertainty_m": 5.0, "register_status": "unconfirmed_detection"}}, {"type": "Feature", "geometry": {"type": "Point", "coordinates": [76.9834823, 11.0340599]}, "properties": {"id": "asset-0236", "kind": "pole", "confidence": "low", "street": "Korathottam Road", "uncertainty_m": 2.4, "register_status": "unconfirmed_detection"}}, {"type": "Feature", "geometry": {"type": "Point", "coordinates": [76.9847339, 11.0334848]}, "properties": {"id": "asset-0237", "kind": "pole", "confidence": "low", "street": "Korathottam Road", "uncertainty_m": 5.0, "register_status": "unconfirmed_detection"}}, {"type": "Feature", "geometry": {"type": "Point", "coordinates": [76.9796993, 11.0340966]}, "properties": {"id": "asset-0238", "kind": "pole", "confidence": "low", "street": "Sri Ganapathy Gardens 3rd Street (approx.)", "uncertainty_m": 5.0, "register_status": "unconfirmed_detection"}}, {"type": "Feature", "geometry": {"type": "Point", "coordinates": [76.9805702, 11.0356572]}, "properties": {"id": "asset-0239", "kind": "pole", "confidence": "medium", "street": "2nd Street, Gandhi Nagar", "uncertainty_m": 2.4, "register_status": "discrepancy"}}, {"type": "Feature", "geometry": {"type": "Point", "coordinates": [76.9753254, 11.0296083]}, "properties": {"id": "asset-0240", "kind": "streetlight", "confidence": "high", "street": "Sathy Main Road", "uncertainty_m": 0.5, "register_status": "discrepancy"}}, {"type": "Feature", "geometry": {"type": "Point", "coordinates": [76.9802502, 11.0341614]}, "properties": {"id": "asset-0241", "kind": "pole", "confidence": "high", "street": "Sri Ganapathy Gardens 3rd Street (approx.)", "uncertainty_m": 5.0, "register_status": "discrepancy"}}, {"type": "Feature", "geometry": {"type": "Point", "coordinates": [76.982497, 11.0352797]}, "properties": {"id": "asset-0242", "kind": "pole", "confidence": "medium", "street": "2nd Cross Road, Gandhi Nagar (approx.)", "uncertainty_m": 5.0, "register_status": "discrepancy"}}, {"type": "Feature", "geometry": {"type": "Point", "coordinates": [76.9789809, 11.0328748]}, "properties": {"id": "asset-0243", "kind": "pole", "confidence": "medium", "street": "Ganapathy - Avarampalayam Road", "uncertainty_m": 5.0, "register_status": "matched"}}, {"type": "Feature", "geometry": {"type": "Point", "coordinates": [76.9754188, 11.0297344]}, "properties": {"id": "asset-0244", "kind": "streetlight", "confidence": "high", "street": "Sathy Main Road", "uncertainty_m": 0.5, "register_status": "matched"}}, {"type": "Feature", "geometry": {"type": "Point", "coordinates": [76.983118, 11.0362471]}, "properties": {"id": "asset-0245", "kind": "pole", "confidence": "medium", "street": "2nd Street, Gandhi Nagar", "uncertainty_m": 2.4, "register_status": "matched"}}, {"type": "Feature", "geometry": {"type": "Point", "coordinates": [76.9808063, 11.0358109]}, "properties": {"id": "asset-0246", "kind": "pole", "confidence": "high", "street": "2nd Street, Gandhi Nagar", "uncertainty_m": 0.66, "register_status": "matched"}}, {"type": "Feature", "geometry": {"type": "Point", "coordinates": [76.9811867, 11.0353797]}, "properties": {"id": "asset-0247", "kind": "pole", "confidence": "medium", "street": "2nd Cross Road, Gandhi Nagar (approx.)", "uncertainty_m": 2.4, "register_status": "matched"}}, {"type": "Feature", "geometry": {"type": "Point", "coordinates": [76.9799268, 11.0312832]}, "properties": {"id": "asset-0248", "kind": "pole", "confidence": "high", "street": "2nd Street, Ganapathy Gardens (approx.)", "uncertainty_m": 5.0, "register_status": "matched"}}, {"type": "Feature", "geometry": {"type": "Point", "coordinates": [76.9751902, 11.0316605]}, "properties": {"id": "asset-0249", "kind": "pole", "confidence": "medium", "street": "8th Street, Ganapathy", "uncertainty_m": 2.4, "register_status": "unrecorded_asset"}}, {"type": "Feature", "geometry": {"type": "Point", "coordinates": [76.9811664, 11.0335689]}, "properties": {"id": "asset-0250", "kind": "pole", "confidence": "high", "street": "Sri Ganapathy Gardens 3rd Street (approx.)", "uncertainty_m": 0.5, "register_status": "matched"}}, {"type": "Feature", "geometry": {"type": "Point", "coordinates": [76.9758738, 11.0306629]}, "properties": {"id": "asset-0251", "kind": "pole", "confidence": "high", "street": "Sathy Main Road", "uncertainty_m": 0.5, "register_status": "matched"}}, {"type": "Feature", "geometry": {"type": "Point", "coordinates": [76.9812444, 11.0331848]}, "properties": {"id": "asset-0252", "kind": "streetlight", "confidence": "high", "street": "Sri Ganapathy Gardens 3rd Street (approx.)", "uncertainty_m": 5.0, "register_status": "matched"}}, {"type": "Feature", "geometry": {"type": "Point", "coordinates": [76.9736257, 11.0298507]}, "properties": {"id": "asset-0253", "kind": "pole", "confidence": "medium", "street": "4th Street, Tatabad / Vinobaji Street", "uncertainty_m": 2.4, "register_status": "matched"}}, {"type": "Feature", "geometry": {"type": "Point", "coordinates": [76.9756332, 11.0303447]}, "properties": {"id": "asset-0254", "kind": "streetlight", "confidence": "medium", "street": "Sathy Main Road", "uncertainty_m": 2.4, "register_status": "matched"}}, {"type": "Feature", "geometry": {"type": "Point", "coordinates": [76.9792972, 11.0314271]}, "properties": {"id": "asset-0255", "kind": "pole", "confidence": "high", "street": "Ganapathy - Avarampalayam Road", "uncertainty_m": 0.5, "register_status": "matched"}}, {"type": "Feature", "geometry": {"type": "Point", "coordinates": [76.9788119, 11.0334303]}, "properties": {"id": "asset-0256", "kind": "pole", "confidence": "medium", "street": "Ganapathy - Avarampalayam Road", "uncertainty_m": 2.4, "register_status": "unrecorded_asset"}}, {"type": "Feature", "geometry": {"type": "Point", "coordinates": [76.9803228, 11.0356163]}, "properties": {"id": "asset-0257", "kind": "pole", "confidence": "high", "street": "2nd Street, Gandhi Nagar", "uncertainty_m": 0.5, "register_status": "matched"}}, {"type": "Feature", "geometry": {"type": "Point", "coordinates": [76.9839136, 11.0356258]}, "properties": {"id": "asset-0258", "kind": "pole", "confidence": "high", "street": "2nd Street, Gandhi Nagar", "uncertainty_m": 0.5, "register_status": "unrecorded_asset"}}, {"type": "Feature", "geometry": {"type": "Point", "coordinates": [76.978939, 11.0332853]}, "properties": {"id": "asset-0259", "kind": "streetlight", "confidence": "medium", "street": "Ganapathy - Avarampalayam Road", "uncertainty_m": 2.4, "register_status": "unrecorded_asset"}}, {"type": "Feature", "geometry": {"type": "Point", "coordinates": [76.9752741, 11.0298118]}, "properties": {"id": "asset-0260", "kind": "pole", "confidence": "high", "street": "Sathy Main Road", "uncertainty_m": 5.0, "register_status": "unrecorded_asset"}}, {"type": "Feature", "geometry": {"type": "Point", "coordinates": [76.9798306, 11.0311923]}, "properties": {"id": "asset-0261", "kind": "pole", "confidence": "medium", "street": "2nd Street, Ganapathy Gardens (approx.)", "uncertainty_m": 2.4, "register_status": "unrecorded_asset"}}, {"type": "Feature", "geometry": {"type": "LineString", "coordinates": [[76.97374128563897, 11.02986955928414], [76.9723174115284, 11.02958983435728]]}, "properties": {"id": "gap60-000", "kind": "streetlight_gap", "street": "4th Street, Tatabad / Vinobaji Street", "length_m": 171, "gap_type": "poles present, no lamp detected"}}, {"type": "Feature", "geometry": {"type": "LineString", "coordinates": [[76.97823553461788, 11.03556795975722], [76.97589996273538, 11.03073705873454]]}, "properties": {"id": "gap60-001", "kind": "streetlight_gap", "street": "Sathy Main Road", "length_m": 600, "gap_type": "poles present, no lamp detected"}}, {"type": "Feature", "geometry": {"type": "LineString", "coordinates": [[76.98623118028915, 11.03348213799825], [76.98548543677582, 11.03348988977629]]}, "properties": {"id": "gap60-002", "kind": "streetlight_gap", "street": "Korathottam Road", "length_m": 91, "gap_type": "poles present, no lamp detected"}}, {"type": "Feature", "geometry": {"type": "LineString", "coordinates": [[76.98417929796791, 11.03424353236088], [76.98331348219462, 11.03406400274198]]}, "properties": {"id": "gap60-003", "kind": "streetlight_gap", "street": "Korathottam Road", "length_m": 99, "gap_type": "poles present, no lamp detected"}}, {"type": "Feature", "geometry": {"type": "LineString", "coordinates": [[76.9752425806536, 11.03163809140678], [76.97156393551798, 11.03129805786569]]}, "properties": {"id": "gap60-004", "kind": "streetlight_gap", "street": "8th Street, Ganapathy", "length_m": 414, "gap_type": "poles present, no lamp detected"}}, {"type": "Feature", "geometry": {"type": "LineString", "coordinates": [[76.97926847384865, 11.03140299726314], [76.97902632456835, 11.03302479262702]]}, "properties": {"id": "gap60-005", "kind": "streetlight_gap", "street": "Ganapathy - Avarampalayam Road", "length_m": 193, "gap_type": "poles present, no lamp detected"}}, {"type": "Feature", "geometry": {"type": "LineString", "coordinates": [[76.98346702849263, 11.03390897167655], [76.98229288218798, 11.03230631535259]]}, "properties": {"id": "gap60-006", "kind": "streetlight_gap", "street": "2nd Street, Ganapathy Gardens (approx.)", "length_m": 218, "gap_type": "poles present, no lamp detected"}}, {"type": "Feature", "geometry": {"type": "LineString", "coordinates": [[76.97981605465621, 11.03415768621915], [76.98056279973116, 11.03294597027837]]}, "properties": {"id": "gap60-007", "kind": "streetlight_gap", "street": "Sri Ganapathy Gardens 3rd Street (approx.)", "length_m": 166, "gap_type": "poles present, no lamp detected"}}, {"type": "Feature", "geometry": {"type": "LineString", "coordinates": [[76.98245091227007, 11.03449415179428], [76.98014600825894, 11.03519273063082]]}, "properties": {"id": "gap60-008", "kind": "streetlight_gap", "street": "2nd Cross Road, Gandhi Nagar (approx.)", "length_m": 275, "gap_type": "poles present, no lamp detected"}}, {"type": "Feature", "geometry": {"type": "LineString", "coordinates": [[76.98253783751699, 11.03609161840177], [76.98349673576777, 11.03625289877214]]}, "properties": {"id": "gap60-009", "kind": "streetlight_gap", "street": "2nd Street, Gandhi Nagar", "length_m": 118, "gap_type": "poles present, no lamp detected"}}, {"type": "Feature", "geometry": {"type": "LineString", "coordinates": [[76.97872396689635, 11.03680708837191], [76.9782053865833, 11.03574440064427]]}, "properties": {"id": "gap60-010", "kind": "streetlight_gap", "street": "Sakthi Main Road", "length_m": 142, "gap_type": "poles present, no lamp detected"}}, {"type": "Feature", "geometry": {"type": "Point", "coordinates": [76.981061, 11.0359079]}, "properties": {"id": "ub-0000", "kind": "unmapped_business", "name": "dsk associates", "street": "2nd Street, Gandhi Nagar", "approximate": true}}, {"type": "Feature", "geometry": {"type": "Point", "coordinates": [76.9784235, 11.0340405]}, "properties": {"id": "ub-0001", "kind": "unmapped_business", "name": "ponmani steel house", "street": "Sathy Main Road", "approximate": true}}, {"type": "Feature", "geometry": {"type": "Point", "coordinates": [76.9782373, 11.0333341]}, "properties": {"id": "ub-0002", "kind": "unmapped_business", "name": "laxmi textile", "street": "Sathy Main Road", "approximate": true}}, {"type": "Feature", "geometry": {"type": "Point", "coordinates": [76.9784154, 11.0343316]}, "properties": {"id": "ub-0003", "kind": "unmapped_business", "name": "s.m. power tools", "street": "Sathy Main Road", "approximate": true}}, {"type": "Feature", "geometry": {"type": "Point", "coordinates": [76.9787461, 11.0365303]}, "properties": {"id": "ub-0004", "kind": "unmapped_business", "name": "baalaj metal screens", "street": "Sakthi Main Road", "approximate": true}}, {"type": "Feature", "geometry": {"type": "Point", "coordinates": [76.9785764, 11.0366018]}, "properties": {"id": "ub-0005", "kind": "unmapped_business", "name": "buddha", "street": "Sakthi Main Road", "approximate": true}}, {"type": "Feature", "geometry": {"type": "Point", "coordinates": [76.9783992, 11.0344946]}, "properties": {"id": "ub-0006", "kind": "unmapped_business", "name": "bride wear", "street": "Sathy Main Road", "approximate": true}}, {"type": "Feature", "geometry": {"type": "Point", "coordinates": [76.9751635, 11.0317133]}, "properties": {"id": "ub-0007", "kind": "unmapped_business", "name": "bar & grill", "street": "8th Street, Ganapathy", "approximate": true}}, {"type": "Feature", "geometry": {"type": "Point", "coordinates": [76.982526, 11.0361995]}, "properties": {"id": "ub-0008", "kind": "unmapped_business", "name": "Olo Infinity Organics", "street": "2nd Street, Gandhi Nagar", "approximate": true}}, {"type": "Feature", "geometry": {"type": "Point", "coordinates": [76.9777166, 11.0325599]}, "properties": {"id": "ub-0009", "kind": "unmapped_business", "name": "nvn sofa works", "street": "Sathy Main Road", "approximate": true}}, {"type": "Feature", "geometry": {"type": "Point", "coordinates": [76.9784072, 11.0339436]}, "properties": {"id": "ub-0010", "kind": "unmapped_business", "name": "mizu footwear", "street": "Sathy Main Road", "approximate": true}}, {"type": "Feature", "geometry": {"type": "Point", "coordinates": [76.9784378, 11.0342265]}, "properties": {"id": "ub-0011", "kind": "unmapped_business", "name": "gold 10", "street": "Sathy Main Road", "approximate": true}}, {"type": "Feature", "geometry": {"type": "Point", "coordinates": [76.9783406, 11.0335616]}, "properties": {"id": "ub-0012", "kind": "unmapped_business", "name": "I Cross You", "street": "Sathy Main Road", "approximate": true}}, {"type": "Feature", "geometry": {"type": "Point", "coordinates": [76.97804, 11.0330077]}, "properties": {"id": "ub-0013", "kind": "unmapped_business", "name": "unique collections", "street": "Sathy Main Road", "approximate": true}}, {"type": "Feature", "geometry": {"type": "Point", "coordinates": [76.9784023, 11.0339814]}, "properties": {"id": "ub-0014", "kind": "unmapped_business", "name": "royal designer", "street": "Sathy Main Road", "approximate": true}}, {"type": "Feature", "geometry": {"type": "Point", "coordinates": [76.9752918, 11.0317351]}, "properties": {"id": "ub-0015", "kind": "unmapped_business", "name": "Hotel MMS", "street": "8th Street, Ganapathy", "approximate": true}}, {"type": "Feature", "geometry": {"type": "Point", "coordinates": [76.9776497, 11.0324903]}, "properties": {"id": "ub-0016", "kind": "unmapped_business", "name": "colour stamps", "street": "Sathy Main Road", "approximate": true}}, {"type": "Feature", "geometry": {"type": "Point", "coordinates": [76.9758713, 11.0308418]}, "properties": {"id": "ub-0017", "kind": "unmapped_business", "name": "all ages medical", "street": "Sathy Main Road", "approximate": true}}, {"type": "Feature", "geometry": {"type": "Point", "coordinates": [76.9778204, 11.0326882]}, "properties": {"id": "ub-0018", "kind": "unmapped_business", "name": "varam prasad", "street": "Sathy Main Road", "approximate": true}}, {"type": "Feature", "geometry": {"type": "Point", "coordinates": [76.9783765, 11.0346429]}, "properties": {"id": "ub-0019", "kind": "unmapped_business", "name": "car scooter", "street": "Sathy Main Road", "approximate": true}}, {"type": "Feature", "geometry": {"type": "Point", "coordinates": [76.9782602, 11.0350321]}, "properties": {"id": "ub-0020", "kind": "unmapped_business", "name": "coimbatore lodgers", "street": "Sathy Main Road", "approximate": true}}, {"type": "Feature", "geometry": {"type": "Point", "coordinates": [76.9771909, 11.032083]}, "properties": {"id": "ub-0021", "kind": "unmapped_business", "name": "reens makeover", "street": "Sathy Main Road", "approximate": true}}, {"type": "Feature", "geometry": {"type": "Point", "coordinates": [76.978385, 11.0338054]}, "properties": {"id": "ub-0022", "kind": "unmapped_business", "name": "amruk star diovan", "street": "Sathy Main Road", "approximate": true}}]}